team,position,player,salary,AB,R,HR,RBI,SB,AVG,IP,ERA,WHIP,SV,W,K,marginal_total_points,dollar_value
marmaduke,C1,Mitch Garver,9,323.2,49.39669855968085,16.81510741623377,49.77514209597955,0.980706725782235,0.2342,NA,NA,NA,NA,NA,NA,-0.19032968247780754,9.355457912978755
marmaduke,C2,Luis Torrens,1,315,36.64055120877062,11.806678691904047,41.138593984257874,0.30078125,0.23725,NA,NA,NA,NA,NA,NA,-1.630959002265847,4.476837740276857
marmaduke,1B,Freddie Freeman,39,560.6,96.92093979869209,28.586770584005183,92.80035732969289,6.82465707052524,0.29419999999999996,NA,NA,NA,NA,NA,NA,7.872268166216214,26.6590480653775
marmaduke,2B,Ozzie Albies,17,589.6,95.0635679397435,26.53433683083801,86.11083425917607,17.136128293781223,0.2726,NA,NA,NA,NA,NA,NA,8.244003756714255,27.917912317135077
marmaduke,SS,,0,400,51,13.25,51,3.3,0.2365,NA,NA,NA,NA,NA,NA,NA,NA
marmaduke,3B,Alex Bregman,22,510.8,89.32047357265348,24.20465179633576,87.15067063726123,3.2294601908134553,0.2692,NA,NA,NA,NA,NA,NA,5.406008956195033,18.30718282991814
marmaduke,CI,Manny Machado,34,574.5,89.23209619577344,31.98882302820637,102.25671097803719,10.25303244576823,0.2755,NA,NA,NA,NA,NA,NA,8.283093913473296,28.05028920597057
marmaduke,MI,,0,400,51,13.25,51,3.3,0.2365,NA,NA,NA,NA,NA,NA,NA,NA
marmaduke,OF1,Jesse Winker,11,463.8,79.11568238872762,23.86241970648431,72.54825718721797,1.379141256299035,0.2832,NA,NA,NA,NA,NA,NA,4.488697347535426,15.200752287938867
marmaduke,OF2,Cedric Mullins,9,578.4,86.66391116279543,21.736450261702966,65.19983656308341,24.537196121716747,0.2574,NA,NA,NA,NA,NA,NA,7.168022070266085,24.274153378689906
marmaduke,OF3,Myles Straw,11,500.6,69.91113589394196,4.2137247552287,42.96078713580018,26.755102376059263,0.266,NA,NA,NA,NA,NA,NA,4.274434594324068,14.47516203670798
marmaduke,OF4,George Springer,32,502.4,93.64766490558324,31.033427021950413,81.10050937297854,5.80856930521728,0.2632,NA,NA,NA,NA,NA,NA,6.27299970433286,21.243204258409847
marmaduke,OF5,Tommy Pham,11,452.6,69.20750729762608,16.40296353877956,57.0153388466997,14.61026196482941,0.2538,NA,NA,NA,NA,NA,NA,3.7787358582131096,12.796502703348331
marmaduke,OF6,,0,400,51,13.25,51,3.3,0.2365,NA,NA,NA,NA,NA,NA,NA,NA
marmaduke,DH,,0,400,51,13.25,51,3.3,0.2365,NA,NA,NA,NA,NA,NA,NA,NA
marmaduke,P1,Corbin Burnes,6,NA,NA,NA,NA,NA,NA,172,3.11,1.07,0,12,221,12.63,22.47999999999999
marmaduke,P2,Emmanuel Clase,6,NA,NA,NA,NA,NA,NA,66.5,2.74,1.12,30,4,78,8.53,14.990000000000002
marmaduke,P3,Framber Valdez,11,NA,NA,NA,NA,NA,NA,180.5,3.68,1.34,0,12,168,6.95,12.110000000000003
marmaduke,P4,Clayton Kershaw,20,NA,NA,NA,NA,NA,NA,136,3.61,1.15,0,10,142,6.78,11.780000000000003
marmaduke,P5,Carlos Carrasco,5,NA,NA,NA,NA,NA,NA,136,4.11,1.26,0,9,139,4.58,7.770000000000001
marmaduke,P6,Nick Lodolo,2,NA,NA,NA,NA,NA,NA,37,4.23,1.28,0,2,39,-2.24,-4.6999999999999975
marmaduke,P7,,0,NA,NA,NA,NA,NA,NA,73,4.75,1.368,0.42,4.8,94.7,NA,NA
marmaduke,P8,,0,NA,NA,NA,NA,NA,NA,73,4.75,1.368,0.42,4.8,94.7,NA,NA
marmaduke,P9,,0,NA,NA,NA,NA,NA,NA,73,4.75,1.368,0.42,4.8,94.7,NA,NA
marmaduke,P10,,0,NA,NA,NA,NA,NA,NA,73,4.75,1.368,0.42,4.8,94.7,NA,NA
marmaduke,B1,Elijah Green,1,NA,NA,NA,NA,NA,NA,NA,NA,NA,NA,NA,NA,NA,NA
marmaduke,B2,Jordan Lawlar,2,NA,NA,NA,NA,NA,NA,NA,NA,NA,NA,NA,NA,NA,NA
marmaduke,B3,Aaron Ashby,1,NA,NA,NA,NA,NA,NA,79.5,3.55,1.29,0,5,94,NA,NA
marmaduke,B4,,0,NA,NA,NA,NA,NA,NA,NA,NA,NA,NA,NA,NA,NA,NA
marmaduke,B5,,0,NA,NA,NA,NA,NA,NA,NA,NA,NA,NA,NA,NA,NA,NA
marmaduke,B6,,0,NA,NA,NA,NA,NA,NA,NA,NA,NA,NA,NA,NA,NA,NA
marmaduke,B7,,0,NA,NA,NA,NA,NA,NA,NA,NA,NA,NA,NA,NA,NA,NA
marmaduke,B8,,0,NA,NA,NA,NA,NA,NA,NA,NA,NA,NA,NA,NA,NA,NA
marmaduke,B9,,0,NA,NA,NA,NA,NA,NA,NA,NA,NA,NA,NA,NA,NA,NA
marmaduke,B10,,0,NA,NA,NA,NA,NA,NA,NA,NA,NA,NA,NA,NA,NA,NA
pkdodgers,C1,Will Smith (C),11,421.4,71.81153491324034,25.743748263815867,79.42784916110826,2.4159400004244187,0.255,NA,NA,NA,NA,NA,NA,3.920554815344636,23.276765610419496
pkdodgers,C2,Sean Murphy,8,371.6,50.55063872578322,16.621289486507738,53.39272341936941,0.4168337280453939,0.2258,NA,NA,NA,NA,NA,NA,-0.383312421234244,8.701931381657754
pkdodgers,1B,Max Muncy,19,457.8,87.29892542439568,30.491966642646837,89.65505002929116,2.2079168361640873,0.2524,NA,NA,NA,NA,NA,NA,5.3809913732866095,18.222462018691534
pkdodgers,2B,Jean Segura,10,540.6,77.40941694044491,14.815209949924563,65.87716883133224,10.221396231272227,0.281,NA,NA,NA,NA,NA,NA,4.52411912759057,15.320706399906724
pkdodgers,SS,Jorge Polanco,20,586.25,89.23942665343725,25.74764231207999,84.45648463039123,9.987591131977798,0.26975000000000005,NA,NA,NA,NA,NA,NA,6.581544199394845,22.28807498060714
pkdodgers,3B,Eugenio Suárez,12,452.2,68.16299414452185,29.17932757919429,79.11588304079577,1.4022621188994286,0.23299999999999998,NA,NA,NA,NA,NA,NA,3.221963024024622,10.911018947621344
pkdodgers,CI,Frank Schwindel,11,508.2,70.6523732638164,22.450277272344437,74.97173182474195,2.003907446946897,0.2626,NA,NA,NA,NA,NA,NA,3.5101583046820712,11.886978058393698
pkdodgers,MI,Isiah Kiner-Falefa,7,434.75,53.25796378101813,6.260432345946325,38.483682982126034,12.536404952814703,0.26975000000000005,NA,NA,NA,NA,NA,NA,1.4251042712860895,4.826045361288976
pkdodgers,OF1,Cody Bellinger,17,486.4,78.80833177957562,26.43498849380438,84.39034942740058,9.452092299435236,0.24359999999999998,NA,NA,NA,NA,NA,NA,5.263713797552227,17.825307289904313
pkdodgers,OF2,Alex Verdugo,17,541,81.00167679796104,14.585528140495915,65.52414759231398,5.819225487462185,0.2842,NA,NA,NA,NA,NA,NA,4.010897756877843,13.58270752828219
pkdodgers,OF3,Adolis García,12,541.8,68.83355061093671,25.798154619188153,77.77986131721842,11.784816407104966,0.2286,NA,NA,NA,NA,NA,NA,4.381189170067765,14.836681144779488
pkdodgers,OF4,Randal Grichuk,10,477.6,64.66572809637739,22.98776676495178,74.37877087574262,1.8228404003090926,0.2448,NA,NA,NA,NA,NA,NA,2.6709571117765085,9.045064588753256
pkdodgers,OF5,Kole Calhoun,7,401.2,56.474432413588104,18.70030090139053,55.58293301355621,2.600891290361325,0.231,NA,NA,NA,NA,NA,NA,0.7101577985506671,2.404914376114881
pkdodgers,OF6,Connor Joe,5,353.2,52.17212453850359,13.591825606154783,48.40325601411885,1.3949404716437135,0.2592,NA,NA,NA,NA,NA,NA,0.4253621782332367,1.4404680474908098
pkdodgers,DH,Tyler Naquin,5,440,58.89325365477015,18.3421852679019,64.47788128493058,4.625742211716827,0.2602,NA,NA,NA,NA,NA,NA,2.4832051384119707,8.40925178657067
pkdodgers,P1,Walker Buehler,20,NA,NA,NA,NA,NA,NA,193.5,3.79,1.17,0,13,201,10.45,18.48999999999999
pkdodgers,P2,Nathan Eovaldi,9,NA,NA,NA,NA,NA,NA,173,3.89,1.2,0,11,177,8.03,14.070000000000002
pkdodgers,P3,Patrick Sandoval,10,NA,NA,NA,NA,NA,NA,134,3.95,1.31,0,8,139,3.99,6.690000000000002
pkdodgers,P4,Josiah Gray,6,NA,NA,NA,NA,NA,NA,134,4.87,1.34,0,7,135,1.91,2.8899999999999997
pkdodgers,P5,Marcus Stroman,15,NA,NA,NA,NA,NA,NA,179.5,4.13,1.32,0,11,145,5.29,9.060000000000002
pkdodgers,P6,Mike Minor,2,NA,NA,NA,NA,NA,NA,167,4.42,1.28,0,9,150,4.56,7.730000000000002
pkdodgers,P7,Noah Syndergaard,13,NA,NA,NA,NA,NA,NA,149,4.4,1.29,0,8,129,3.36,5.540000000000002
pkdodgers,P8,Andrew Heaney,5,NA,NA,NA,NA,NA,NA,125,4.42,1.24,0,8,134,3.69,6.130000000000003
pkdodgers,P9,Kyle Gibson,4,NA,NA,NA,NA,NA,NA,182,4.53,1.39,0,10,157,3.66,6.0900000000000025
pkdodgers,P10,David Price,1,NA,NA,NA,NA,NA,NA,88,4.27,1.32,0,6,82,0.69,0.6599999999999999
pkdodgers,B1,Keibert Ruiz,1,387.2,49.93141875582221,15.399565465756192,57.982479731263375,0.35041322314049583,0.2692,NA,NA,NA,NA,NA,NA,1.1225852798251998,13.801579709997288
pkdodgers,B2,Jack Leiter,1,NA,NA,NA,NA,NA,NA,NA,NA,NA,NA,NA,NA,NA,NA
pkdodgers,B3,Ryan Pepiot,1,NA,NA,NA,NA,NA,NA,8,5.11,1.45,0,0,8,NA,NA
pkdodgers,B4,Diego Cartaya,1,NA,NA,NA,NA,NA,NA,NA,NA,NA,NA,NA,NA,NA,NA
pkdodgers,B5,,0,NA,NA,NA,NA,NA,NA,NA,NA,NA,NA,NA,NA,NA,NA
pkdodgers,B6,,0,NA,NA,NA,NA,NA,NA,NA,NA,NA,NA,NA,NA,NA,NA
pkdodgers,B7,,0,NA,NA,NA,NA,NA,NA,NA,NA,NA,NA,NA,NA,NA,NA
pkdodgers,B8,,0,NA,NA,NA,NA,NA,NA,NA,NA,NA,NA,NA,NA,NA,NA
pkdodgers,B9,,0,NA,NA,NA,NA,NA,NA,NA,NA,NA,NA,NA,NA,NA,NA
pkdodgers,B10,,0,NA,NA,NA,NA,NA,NA,NA,NA,NA,NA,NA,NA,NA,NA
ottawa,C1,Mike Zunino,8,310.6,45.17194746881309,20.71510127169227,53.26480695686256,0.22294871794871796,0.2032,NA,NA,NA,NA,NA,NA,-0.9566459086642098,6.760365790119679
ottawa,C2,Max Stassi,4,322.75,42.111089661106384,13.984799954127714,42.568213605258684,0.229428391959799,0.22375,NA,NA,NA,NA,NA,NA,-1.5833082631622435,4.638204619210849
ottawa,1B,Jared Walsh,22,535.2,79.37100903619564,28.780302654544727,92.26135314718843,1.7851269942078696,0.2592,NA,NA,NA,NA,NA,NA,5.155976472264848,17.46046014894977
ottawa,2B,Nick Solak,2,431,56.94108274796192,12.621891513096207,52.2261348445405,6.440349448828604,0.2584,NA,NA,NA,NA,NA,NA,1.4812519472093393,5.016186697888871
ottawa,SS,Fernando Tatis Jr.,13,536.25,110.58812746907562,44.680097280577804,110.02406238564457,27.273623661457176,0.28825,NA,NA,NA,NA,NA,NA,14.084656341686575,47.696994369263415
ottawa,3B,José Ramírez,22,546.25,97.8793191695861,34.01928416501876,99.17792279391456,24.064330694357526,0.272,NA,NA,NA,NA,NA,NA,10.864472228862107,36.79199961672634
ottawa,CI,Adalberto Mondesi,14,448.75,63.15446961375463,16.19070436415194,54.75687741500732,40.22267370524446,0.2435,NA,NA,NA,NA,NA,NA,7.278757184131846,24.649152382883038
ottawa,MI,Jeremy Pena,3,400,51,13.25,51,3.3,0.2365,NA,NA,NA,NA,NA,NA,NA,NA
ottawa,OF1,Jo Adell,11,461,59.81865822653385,20.22478170809195,68.78784441084181,7.396950764841427,0.24159999999999998,NA,NA,NA,NA,NA,NA,2.739805118626305,9.278214969947186
ottawa,OF2,Akil Baddoo,14,493,70.73906292697556,15.831421607162003,58.225658542162414,18.69488300150522,0.24380000000000002,NA,NA,NA,NA,NA,NA,4.163834647552829,14.10062076921711
ottawa,OF3,Christian Yelich,26,500.4,88.22503458523977,23.24124355837427,76.83089130986706,14.717349618741906,0.26480000000000004,NA,NA,NA,NA,NA,NA,6.542635876286096,22.156313862464497
ottawa,OF4,Andrew Benintendi,15,508.8,72.15152126904447,17.063252996743962,68.88685280831216,11.192360692815486,0.2682,NA,NA,NA,NA,NA,NA,4.417613534789377,14.960030460295885
ottawa,OF5,Harrison Bader,12,445,63.324639736539915,17.529749593114616,57.74276513823297,11.731685327951551,0.24525,NA,NA,NA,NA,NA,NA,2.935843619736983,9.94208968984079
ottawa,OF6,Bradley Zimmer,3,299.6,41.715202884167915,9.014663819621001,34.375758655836165,12.120601314996224,0.219,NA,NA,NA,NA,NA,NA,-0.7053768500057576,-2.3887239295541534
ottawa,DH,,0,400,51,13.25,51,3.3,0.2365,NA,NA,NA,NA,NA,NA,NA,NA
ottawa,P1,Luis Castillo,22,NA,NA,NA,NA,NA,NA,189,3.95,1.3,0,13,196,8.19,14.360000000000003
ottawa,P2,Logan Webb,13,NA,NA,NA,NA,NA,NA,175,3.51,1.23,0,11,170,8.24,14.450000000000003
ottawa,P3,Dinelson Lamet,10,NA,NA,NA,NA,NA,NA,56.5,3.52,1.19,5,3,71,1.18,1.5499999999999994
ottawa,P4,Bailey Ober,9,NA,NA,NA,NA,NA,NA,134.5,4.35,1.24,0,8,134,3.91,6.540000000000002
ottawa,P5,Germán Márquez,9,NA,NA,NA,NA,NA,NA,187.5,4.66,1.37,0,11,177,4.58,7.770000000000001
ottawa,P6,Andrew Kittredge,4,NA,NA,NA,NA,NA,NA,65,3.22,1.15,16,5,70,4.93,8.410000000000002
ottawa,P7,Lou Trivino,6,NA,NA,NA,NA,NA,NA,66,4.13,1.36,22,4,63,4.17,7.030000000000002
ottawa,P8,Adbert Alzolay,3,NA,NA,NA,NA,NA,NA,110.5,4.57,1.31,0,6,110,1.42,1.9899999999999993
ottawa,P9,Roansy Contreras,4,NA,NA,NA,NA,NA,NA,59.5,4.28,1.31,0,3,55,-1.33,-3.0300000000000007
ottawa,P10,Tanner Rainey,1,NA,NA,NA,NA,NA,NA,61.5,4.44,1.42,8,3,80,0.67,0.6199999999999999
ottawa,B1,Marco Luciano,2,217,13.528723404255318,4.509574468085106,13.528723404255318,1.0021276595744681,0.20500000000000002,NA,NA,NA,NA,NA,NA,-5.5390702531750104,-18.757788352612838
ottawa,B2,Gabriel Moreno,1,110.5,7.531120331950207,2.259336099585062,7.029045643153527,0.5020746887966805,0.2585,NA,NA,NA,NA,NA,NA,-4.5771538820321656,-5.500305981366835
ottawa,B3,Nolan Jones,1,NA,NA,NA,NA,NA,NA,NA,NA,NA,NA,NA,NA,NA,NA
ottawa,B4,Jose Barrero,1,271.5,35.64626769626769,8.960116749402463,35.38858016179445,6.678723110865969,0.25075000000000003,NA,NA,NA,NA,NA,NA,-0.7265681879254569,-2.4604873507489957
ottawa,B5,,0,NA,NA,NA,NA,NA,NA,NA,NA,NA,NA,NA,NA,NA,NA
ottawa,B6,,0,NA,NA,NA,NA,NA,NA,NA,NA,NA,NA,NA,NA,NA,NA
ottawa,B7,,0,NA,NA,NA,NA,NA,NA,NA,NA,NA,NA,NA,NA,NA,NA
ottawa,B8,,0,NA,NA,NA,NA,NA,NA,NA,NA,NA,NA,NA,NA,NA,NA
ottawa,B9,,0,NA,NA,NA,NA,NA,NA,NA,NA,NA,NA,NA,NA,NA,NA
ottawa,B10,,0,NA,NA,NA,NA,NA,NA,NA,NA,NA,NA,NA,NA,NA,NA
isotopes,C1,Martin Maldonado,1,400,51,13.25,51,3.3,0.2365,NA,NA,NA,NA,NA,NA,NA,NA
isotopes,C2,,0,260,28,9,30,1,0.223,NA,NA,NA,NA,NA,NA,NA,NA
isotopes,1B,Matt Olson,17,545,93.77586850302248,37.201489845127135,102.46191779428746,2.8022308581039854,0.2596,NA,NA,NA,NA,NA,NA,7.27407291788921,24.63328934617281
isotopes,2B,,0,400,51,13.25,51,3.3,0.2365,NA,NA,NA,NA,NA,NA,NA,NA
isotopes,SS,Trea Turner,24,591.2,106.53977618703264,25.79944891142761,87.27061472161263,31.30431348752981,0.2996,NA,NA,NA,NA,NA,NA,11.91762761917116,40.358458428565214
isotopes,3B,DJ LeMahieu,17,586.6,91.48066661447687,13.759183096034256,64.9708036762663,4.780770630481161,0.2818,NA,NA,NA,NA,NA,NA,4.061354536242908,13.753576924232146
isotopes,CI,Mike Moustakas,3,374,51.221581105704644,19.80756347828499,60.111908418374455,1.136509094306513,0.2434,NA,NA,NA,NA,NA,NA,1.0009211502306905,3.3895701328068855
isotopes,MI,J.P. Crawford,3,577.2,78.7614703205352,10.985860920325688,57.38600686936423,6.604852758351329,0.2544,NA,NA,NA,NA,NA,NA,2.2907039055276153,7.757355851148657
isotopes,OF1,Juan Soto,14,512.8,114.36444943643943,34.13523243085196,107.36414321320454,10.775361794836137,0.3088,NA,NA,NA,NA,NA,NA,10.955975621714412,37.10187134577431
isotopes,OF2,Eloy Jiménez,12,523.2,73.92984568565946,29.669393769144225,89.89729965793997,0.5718031430934657,0.272,NA,NA,NA,NA,NA,NA,5.166126030350016,17.494831127062028
isotopes,OF3,Jorge Soler,14,509,77.77458391628421,31.629252680540386,86.67021128689977,1.0015335541091979,0.239,NA,NA,NA,NA,NA,NA,4.341141249881585,14.701060837312887
isotopes,OF4,Tommy Edman,19,580,81.58148000335767,12.386259867803803,58.22126141727954,22.933699354433173,0.26980000000000004,NA,NA,NA,NA,NA,NA,5.799605624487266,19.640078543939335
isotopes,OF5,Manuel Margot,8,437.6,58.967756820748704,11.623016631917281,54.538790983405896,15.78233896826434,0.2558,NA,NA,NA,NA,NA,NA,3.0039391696787967,10.172691912809738
isotopes,OF6,Andrew McCutchen,5,428.2,65.00465488423785,19.210137790569334,61.983325643189396,5.624106675745966,0.2386,NA,NA,NA,NA,NA,NA,2.142222340003116,7.254530349201522
isotopes,DH,Max Kepler,11,475,74.78627860407808,24.003953909804828,68.53308225515705,7.514667446579216,0.23625000000000002,NA,NA,NA,NA,NA,NA,3.571993639511551,12.096380371494796
isotopes,P1,Lance Lynn,10,NA,NA,NA,NA,NA,NA,181,3.91,1.21,0,12,194,8.87,15.61
isotopes,P2,Luis Patiño,6,NA,NA,NA,NA,NA,NA,109,4.23,1.29,0,6,115,2.11,3.2499999999999996
isotopes,P3,Max Fried,18,NA,NA,NA,NA,NA,NA,180.5,3.62,1.23,0,13,173,8.91,15.689999999999998
isotopes,P4,Luis Severino,16,NA,NA,NA,NA,NA,NA,129,3.92,1.22,0,9,133,4.93,8.400000000000002
isotopes,P5,Mike Clevinger,13,NA,NA,NA,NA,NA,NA,131,3.68,1.2,0,9,144,5.81,10.020000000000001
isotopes,P6,Edwin Díaz,27,181,9.022670025188916,2.756926952141058,9.022670025188916,0.5012594458438288,0.1875,66.5,3.14,1.1,32,4,96,9.31,16.409999999999993
isotopes,P7,Jake McGee,3,NA,NA,NA,NA,NA,NA,62,3.86,1.2,13,3,63,2.63,4.200000000000002
isotopes,P8,Alex Cobb,3,NA,NA,NA,NA,NA,NA,142.5,4,1.31,0,9,128,4.04,6.780000000000002
isotopes,P9,Nestor Cortes Jr.,3,NA,NA,NA,NA,NA,NA,73,4.75,1.368,0.42,4.8,94.7,NA,NA
isotopes,P10,,0,NA,NA,NA,NA,NA,NA,73,4.75,1.368,0.42,4.8,94.7,NA,NA
isotopes,B1,CJ Abrams,1,120.8,11.86143713019283,1.6372509530463302,10.000098517587656,4.370728244976755,0.2402,NA,NA,NA,NA,NA,NA,-4.325430662498884,-14.647857707626816
isotopes,B2,Riley Greene,1,299,39.521884035964035,10.146180699300698,37.31314525474526,4.805864215784215,0.2516,NA,NA,NA,NA,NA,NA,-0.6379633421456514,-2.160431408472255
isotopes,B3,Shane Baz,1,NA,NA,NA,NA,NA,NA,112,3.66,1.17,0,8,127,NA,NA
isotopes,B4,Josh Jung,4,NA,NA,NA,NA,NA,NA,NA,NA,NA,NA,NA,NA,NA,NA
isotopes,B5,,0,NA,NA,NA,NA,NA,NA,NA,NA,NA,NA,NA,NA,NA,NA
isotopes,B6,,0,NA,NA,NA,NA,NA,NA,NA,NA,NA,NA,NA,NA,NA,NA
isotopes,B7,,0,NA,NA,NA,NA,NA,NA,NA,NA,NA,NA,NA,NA,NA,NA
isotopes,B8,,0,NA,NA,NA,NA,NA,NA,NA,NA,NA,NA,NA,NA,NA,NA
isotopes,B9,,0,NA,NA,NA,NA,NA,NA,NA,NA,NA,NA,NA,NA,NA,NA
isotopes,B10,,0,NA,NA,NA,NA,NA,NA,NA,NA,NA,NA,NA,NA,NA,NA
perpetual,C1,Travis d'Arnaud,9,391,49.056065177380304,14.966498777113495,54.35501113259055,0.6392322681456594,0.2495,NA,NA,NA,NA,NA,NA,0.26022297148656437,10.881232264717175
perpetual,C2,James McCann,4,360.2,42.133951272824206,11.37840293216047,46.02604880181261,2.011221367453019,0.23479999999999998,NA,NA,NA,NA,NA,NA,-1.0449432494778625,6.46135119825173
perpetual,1B,Joey Votto,9,493.75,78.2518569243583,28.786750535924206,84.5454041327439,1.478904994928188,0.25375000000000003,NA,NA,NA,NA,NA,NA,4.536395080069103,15.362278307807165
perpetual,2B,Jonathan Schoop,13,560.75,73.22346068999181,21.9962821121501,74.49951612686752,1.746543075745012,0.2615,NA,NA,NA,NA,NA,NA,3.462661721574298,11.72613322114015
perpetual,SS,Gio Urshela,7,469.8,59.18712280785885,15.269610217728422,63.55397180764405,0.9818062050091168,0.2634,NA,NA,NA,NA,NA,NA,1.62974667514662,5.519056773698024
perpetual,3B,Austin Riley,10,555.2,83.89228568605427,30.807753976429616,92.81893998442426,0.3900802261213055,0.2706,NA,NA,NA,NA,NA,NA,5.737515988862707,19.42981505373198
perpetual,CI,Jeimer Candelario,6,532.4,70.77938270654703,17.778548070590265,68.37998847943513,1.0005604953861187,0.2532,NA,NA,NA,NA,NA,NA,2.233407833721839,7.563325528505102
perpetual,MI,César Hernández,6,500.4,70.4906931301011,13.480022704093535,58.28070437364481,3.751712130261123,0.2562,NA,NA,NA,NA,NA,NA,1.8637359421276793,6.311449891351274
perpetual,OF1,Adam Duvall,6,502,71.42874717076995,32.94754753532225,91.80743635293513,2.6112258983263983,0.2288,NA,NA,NA,NA,NA,NA,4.37758245852273,14.82446719393243
perpetual,OF2,Wil Myers,10,485,66.30243385785991,19.80563475471888,68.11473217301885,10.338477934600514,0.2408,NA,NA,NA,NA,NA,NA,3.3791521735018653,11.443332253366338
perpetual,OF3,Garrett Hampson,9,410.25,58.406687767932226,10.985973176532484,42.24767352923322,17.979522304058857,0.25325,NA,NA,NA,NA,NA,NA,2.64481174623623,8.956524597240216
perpetual,OF4,Marcell Ozuna,15,463,68.14752460893357,24.544436968417298,77.93304622910843,2.8198336108963304,0.265,NA,NA,NA,NA,NA,NA,3.98414524412329,13.492111462658572
perpetual,OF5,Mike Yastrzemski,9,478,71.61757789947431,21.25993467624005,66.47883454936647,4.003622900229353,0.239,NA,NA,NA,NA,NA,NA,2.5731912337486267,8.713985262380172
perpetual,OF6,Sam Hilliard,8,384.2,51.8635125068998,18.59712847908014,53.05496712444675,9.824889147897796,0.2242,NA,NA,NA,NA,NA,NA,1.3616312184931434,4.611096997039247
perpetual,DH,Patrick Wisdom,7,449,62.82572971930796,27.542348205926366,72.3106476150879,5.33949197628028,0.216,NA,NA,NA,NA,NA,NA,2.602818235376963,8.814315642871065
perpetual,P1,Anthony DeSclafani,6,NA,NA,NA,NA,NA,NA,165,4.32,1.28,0,10,144,4.88,8.320000000000002
perpetual,P2,Nate Pearson,6,NA,NA,NA,NA,NA,NA,75.5,4.35,1.34,0,5,82,0.08,-0.45999999999999996
perpetual,P3,Jon Gray,6,NA,NA,NA,NA,NA,NA,168.5,4.21,1.3,0,10,168,5.59,9.620000000000003
perpetual,P4,Jonathan Loáisiga,6,NA,NA,NA,NA,NA,NA,66.5,3.34,1.2,4,5,72,2,3.0599999999999996
perpetual,P5,Chris Flexen,6,NA,NA,NA,NA,NA,NA,159,4.35,1.31,0,9,128,3.63,6.040000000000002
perpetual,P6,Drew Rasmussen,8,NA,NA,NA,NA,NA,NA,115.5,3.86,1.27,0,7,120,3.29,5.410000000000002
perpetual,P7,Hyun Jin Ryu,12,NA,NA,NA,NA,NA,NA,167.5,4,1.24,0,12,145,6.66,11.570000000000002
perpetual,P8,Marco Gonzales,6,NA,NA,NA,NA,NA,NA,176,4.48,1.29,0,10,138,4.4,7.4300000000000015
perpetual,P9,Tucker Davidson,1,NA,NA,NA,NA,NA,NA,72.5,4.45,1.42,0,4,68,-1.17,-2.7300000000000004
perpetual,P10,Dylan Floro,7,NA,NA,NA,NA,NA,NA,65.5,3.8,1.32,18,4,58,3.53,5.860000000000002
perpetual,B1,Royce Lewis,1,172.66666666666666,13.63420138888889,2.6112847222222224,12.767534722222223,3.6223958333333335,0.232,NA,NA,NA,NA,NA,NA,-4.4281320827268065,-14.99565100435272
perpetual,B2,Drew Waters,1,221.2,27.45353327275555,5.440541848167275,21.690392962368637,7.697722491017486,0.236,NA,NA,NA,NA,NA,NA,-2.371614100036104,-8.03135423621861
perpetual,B3,Jeter Downs,1,117.25,13.398820785797657,3.4161669929841736,12.968479376106028,2.42531917931147,0.2215,NA,NA,NA,NA,NA,NA,-4.894146278929947,-16.573785106674478
perpetual,B4,Alek Thomas,1,260.6,33.95784363284903,6.266646283344681,30.857066308427193,5.569802408430338,0.265,NA,NA,NA,NA,NA,NA,-0.9853786035480947,-3.336936064667811
perpetual,B5,,0,NA,NA,NA,NA,NA,NA,NA,NA,NA,NA,NA,NA,NA,NA
perpetual,B6,,0,NA,NA,NA,NA,NA,NA,NA,NA,NA,NA,NA,NA,NA,NA
perpetual,B7,,0,NA,NA,NA,NA,NA,NA,NA,NA,NA,NA,NA,NA,NA,NA
perpetual,B8,,0,NA,NA,NA,NA,NA,NA,NA,NA,NA,NA,NA,NA,NA,NA
perpetual,B9,,0,NA,NA,NA,NA,NA,NA,NA,NA,NA,NA,NA,NA,NA,NA
perpetual,B10,,0,NA,NA,NA,NA,NA,NA,NA,NA,NA,NA,NA,NA,NA,NA
stircrazy,C1,Jacob Stallings,3,358.25,39.24328533974848,7.99043663169614,40.318696263167965,0.5140306122448979,0.24175,NA,NA,NA,NA,NA,NA,-1.7902189723614592,3.9375117025930817
stircrazy,C2,Tucker Barnhart,2,335.75,35.048158463900435,7.49281460152711,35.96017336139261,0.2733695652173913,0.22425,NA,NA,NA,NA,NA,NA,-2.8363885572392964,0.39470997646749356
stircrazy,1B,Yuli Gurriel,18,505.75,68.50089210529113,15.217500179649527,69.18393657127487,2.255605714588492,0.2775,NA,NA,NA,NA,NA,NA,2.930601637571682,9.9243379756522
stircrazy,2B,Eduardo Escobar,18,518,68.67443140965932,22.708729529069874,78.25868920565358,1.8079668624823133,0.2432,NA,NA,NA,NA,NA,NA,2.914686668515047,9.870442717502762
stircrazy,SS,Javier Báez,26,547.75,76.81528505539447,26.506315588679538,81.00710932856259,14.778937218719337,0.2535,NA,NA,NA,NA,NA,NA,6.254640139991758,21.181030498840872
stircrazy,3B,Jack Mayfield,1,201,24.059209141921908,7.3810972936637835,26.14500964461071,2.602679302080898,0.2275,NA,NA,NA,NA,NA,NA,-3.2255357273257195,-10.923117731226814
stircrazy,CI,Jesús Aguilar,15,467.2,63.3000261149785,21.92212187107072,74.42537766502329,0.20377649325626201,0.2556,NA,NA,NA,NA,NA,NA,2.6028961310415912,8.814579432699304
stircrazy,MI,Jose Altuve,26,569.4,100.95176426862629,24.195109848833035,78.88893659007014,8.42383845139034,0.2778,NA,NA,NA,NA,NA,NA,6.6487704077902725,22.515733221285213
stircrazy,OF1,Mark Canha,11,468,76.93686739220364,17.822479543011408,63.462323749258026,6.792480907929164,0.2392,NA,NA,NA,NA,NA,NA,2.743957455951354,9.292276655600528
stircrazy,OF2,Chris Taylor,10,492.6,77.41589982557431,19.254250940662743,72.97429302771204,9.833900695379532,0.25,NA,NA,NA,NA,NA,NA,4.204743704802682,14.23915727489833
stircrazy,OF3,Kris Bryant,26,514.75,82.02914738546043,23.008175486165737,72.99640872495411,6.7492939836052885,0.25775000000000003,NA,NA,NA,NA,NA,NA,4.552048362306669,15.41528737644421
stircrazy,OF4,Anthony Santander,11,516.6,68.27748267065549,24.457106101486215,75.5876288261549,2.2019601480858935,0.2502,NA,NA,NA,NA,NA,NA,3.272886380275353,11.083468383193747
stircrazy,OF5,Odubel Herrera,1,400,51,13.25,51,3.3,0.2365,NA,NA,NA,NA,NA,NA,NA,NA
stircrazy,OF6,,0,400,51,13.25,51,3.3,0.2365,NA,NA,NA,NA,NA,NA,NA,NA
stircrazy,DH,,0,400,51,13.25,51,3.3,0.2365,NA,NA,NA,NA,NA,NA,NA,NA
stircrazy,P1,Zack Wheeler,28,NA,NA,NA,NA,NA,NA,202.5,3.49,1.14,0,13,208,11.95,21.22999999999999
stircrazy,P2,Nick Pivetta,6,NA,NA,NA,NA,NA,NA,146,4.69,1.36,0,9,152,3.18,5.220000000000002
stircrazy,P3,Justin Verlander,12,NA,NA,NA,NA,NA,NA,157.5,3.61,1.07,0,12,188,10.25,18.129999999999992
stircrazy,P4,Adam Wainwright,13,NA,NA,NA,NA,NA,NA,180,4.21,1.29,0,11,143,5.45,9.350000000000001
stircrazy,P5,Mark Melancon,8,NA,NA,NA,NA,NA,NA,64,4,1.39,27,3,53,4.62,7.840000000000002
stircrazy,P6,Cole Irvin,2,NA,NA,NA,NA,NA,NA,148.5,4.62,1.34,0,8,105,1.79,2.6699999999999995
stircrazy,P7,Aaron Civale,11,NA,NA,NA,NA,NA,NA,158.5,4.6,1.3,0,9,132,3.42,5.650000000000002
stircrazy,P8,Tyler Glasnow,7,NA,NA,NA,NA,NA,NA,73,4.75,1.368,0.42,4.8,94.7,NA,NA
stircrazy,P9,Collin McHugh,1,NA,NA,NA,NA,NA,NA,64,3.68,1.18,0,4,70,0.48,0.28000000000000014
stircrazy,P10,,0,NA,NA,NA,NA,NA,NA,73,4.75,1.368,0.42,4.8,94.7,NA,NA
stircrazy,B1,Wilman Diaz,1,NA,NA,NA,NA,NA,NA,NA,NA,NA,NA,NA,NA,NA,NA
stircrazy,B2,,0,NA,NA,NA,NA,NA,NA,NA,NA,NA,NA,NA,NA,NA,NA
stircrazy,B3,,0,NA,NA,NA,NA,NA,NA,NA,NA,NA,NA,NA,NA,NA,NA
stircrazy,B4,,0,NA,NA,NA,NA,NA,NA,NA,NA,NA,NA,NA,NA,NA,NA
stircrazy,B5,,0,NA,NA,NA,NA,NA,NA,NA,NA,NA,NA,NA,NA,NA,NA
stircrazy,B6,,0,NA,NA,NA,NA,NA,NA,NA,NA,NA,NA,NA,NA,NA,NA
stircrazy,B7,,0,NA,NA,NA,NA,NA,NA,NA,NA,NA,NA,NA,NA,NA,NA
stircrazy,B8,,0,NA,NA,NA,NA,NA,NA,NA,NA,NA,NA,NA,NA,NA,NA
stircrazy,B9,,0,NA,NA,NA,NA,NA,NA,NA,NA,NA,NA,NA,NA,NA,NA
stircrazy,B10,,0,NA,NA,NA,NA,NA,NA,NA,NA,NA,NA,NA,NA,NA,NA
dumpsterfire,C1,Francisco Mejia,2,400,51,13.25,51,3.3,0.2365,NA,NA,NA,NA,NA,NA,NA,NA
dumpsterfire,C2,Yan Gomes,2,263,33.19924946653829,9.643236181902227,36.726748209306386,0.736286972665965,0.2472,NA,NA,NA,NA,NA,NA,-1.7884307055409894,3.9435675800243435
dumpsterfire,1B,Brandon Belt,13,438.8,70.01802587211385,22.926262055004308,68.17546015787384,3.595488149298935,0.243,NA,NA,NA,NA,NA,NA,2.8338278083146293,9.596618173536463
dumpsterfire,2B,Adam Frazier,4,539.4,70.74847602250048,8.18702845636719,51.2161081065491,7.406414779219648,0.26580000000000004,NA,NA,NA,NA,NA,NA,1.914207899549278,6.482370687041446
dumpsterfire,SS,Dansby Swanson,15,573.5,82.25370765444187,24.291653837526706,77.10773965387173,9.754453991057503,0.25125,NA,NA,NA,NA,NA,NA,5.155697342046017,17.459514888223993
dumpsterfire,3B,Yoán Moncada,17,543,80.49553346216847,19.99435171100293,71.44982936318038,4.759669886338379,0.25675000000000003,NA,NA,NA,NA,NA,NA,3.7345016627999046,12.646705781196385
dumpsterfire,CI,Bobby Bradley,6,402.4,54.586062395470584,22.949928820454506,64.1996244669834,0.1804,0.212,NA,NA,NA,NA,NA,NA,0.4344112605809559,1.471112318768392
dumpsterfire,MI,Carlos Correa,25,525.4,80.92615073255149,24.953285646609203,84.17782491399105,1.0019308863073069,0.2736,NA,NA,NA,NA,NA,NA,4.804980032389379,16.27182800839681
dumpsterfire,OF1,Joey Gallo,25,481.6,89.13322109400514,38.079020090258574,93.7708456900328,5.052357655956948,0.20859999999999998,NA,NA,NA,NA,NA,NA,5.441997085584497,18.429054855987324
dumpsterfire,OF2,Starling Marte,33,535,85.1895490884493,16.177883028055035,67.50971267109549,32.62055382668109,0.27380000000000004,NA,NA,NA,NA,NA,NA,8.493594564473359,28.763139283523405
dumpsterfire,OF3,Jesús Sánchez,14,462.5,59.65271709675005,21.489050155069826,66.92150319353712,2.7331050992382506,0.25225,NA,NA,NA,NA,NA,NA,2.3820129926530105,8.066569573431146
dumpsterfire,OF4,Jeff McNeil,4,439.4,60.44373463018243,11.860963042727091,56.282601390672056,4.036658607044366,0.277,NA,NA,NA,NA,NA,NA,1.9522966912347022,6.611356502419472
dumpsterfire,OF5,Hunter Dozier,3,451.25,57.80449694293825,17.461101619765422,58.55266606254023,4.78169110060471,0.2375,NA,NA,NA,NA,NA,NA,1.3387246278414935,4.533524957024535
dumpsterfire,OF6,,0,400,51,13.25,51,3.3,0.2365,NA,NA,NA,NA,NA,NA,NA,NA
dumpsterfire,DH,Yandy Diaz,4,400,51,13.25,51,3.3,0.2365,NA,NA,NA,NA,NA,NA,NA,NA
dumpsterfire,P1,Chris Bassitt,9,NA,NA,NA,NA,NA,NA,173.5,3.87,1.2,0,10,164,7.36,12.850000000000001
dumpsterfire,P2,Logan Gilbert,6,NA,NA,NA,NA,NA,NA,137.5,4.17,1.2,0,8,143,4.85,8.270000000000001
dumpsterfire,P3,Lucas Giolito,19,NA,NA,NA,NA,NA,NA,180.5,3.82,1.17,0,12,208,9.94,17.569999999999993
dumpsterfire,P4,Shane McClanahan,6,NA,NA,NA,NA,NA,NA,148,3.67,1.23,0,11,163,7.15,12.470000000000002
dumpsterfire,P5,Julio Urías,17,NA,NA,NA,NA,NA,NA,167.5,3.87,1.19,0,12,168,8.14,14.280000000000003
dumpsterfire,P6,Zach Plesac,6,NA,NA,NA,NA,NA,NA,162.5,4.64,1.3,0,9,127,3.23,5.3000000000000025
dumpsterfire,P7,Sixto Sánchez,6,NA,NA,NA,NA,NA,NA,81,3.89,1.26,0,5,71,0.64,0.57
dumpsterfire,P8,Joe Barlow,8,NA,NA,NA,NA,NA,NA,61,4.36,1.41,20,3,66,3.07,5.0100000000000025
dumpsterfire,P9,Corey Knebel,7,NA,NA,NA,NA,NA,NA,57.5,3.7,1.21,18,3,73,4.02,6.740000000000002
dumpsterfire,P10,,0,NA,NA,NA,NA,NA,NA,73,4.75,1.368,0.42,4.8,94.7,NA,NA
dumpsterfire,B1,Brennen Davis,1,178.25,24.462021406338135,8.210639661354588,23.539475394068198,3.5110482003478025,0.235,NA,NA,NA,NA,NA,NA,-2.830811974763251,-9.586405201886386
dumpsterfire,B2,George Kirby,1,NA,NA,NA,NA,NA,NA,28,4.29,1.31,0,2,24,NA,NA
dumpsterfire,B3,Edward Cabrera,1,NA,NA,NA,NA,NA,NA,58,4.11,1.34,0,3,63,NA,NA
dumpsterfire,B4,,0,NA,NA,NA,NA,NA,NA,NA,NA,NA,NA,NA,NA,NA,NA
dumpsterfire,B5,,0,NA,NA,NA,NA,NA,NA,NA,NA,NA,NA,NA,NA,NA,NA
dumpsterfire,B6,,0,NA,NA,NA,NA,NA,NA,NA,NA,NA,NA,NA,NA,NA,NA
dumpsterfire,B7,,0,NA,NA,NA,NA,NA,NA,NA,NA,NA,NA,NA,NA,NA,NA
dumpsterfire,B8,,0,NA,NA,NA,NA,NA,NA,NA,NA,NA,NA,NA,NA,NA,NA
dumpsterfire,B9,,0,NA,NA,NA,NA,NA,NA,NA,NA,NA,NA,NA,NA,NA,NA
dumpsterfire,B10,,0,NA,NA,NA,NA,NA,NA,NA,NA,NA,NA,NA,NA,NA,NA
deano,C1,Alejandro Kirk,9,292.2,41.890383208785785,12.432899108978905,44.28745370999807,0.39497005988023953,0.267,NA,NA,NA,NA,NA,NA,-0.1910538295764287,9.353005624527583
deano,C2,Austin Nola,3,315.2,39.13593274088293,8.231113251803782,40.5299615883247,1.2205645289557532,0.25880000000000003,NA,NA,NA,NA,NA,NA,-1.064764022847338,6.394229126341447
deano,1B,Paul Goldschmidt,31,566,93.217104922508,28.160130979996637,85.53535350210119,7.412941189443604,0.27540000000000003,NA,NA,NA,NA,NA,NA,6.817301203189156,23.086454451834275
deano,2B,,0,400,51,13.25,51,3.3,0.2365,NA,NA,NA,NA,NA,NA,NA,NA
deano,SS,Xander Bogaerts,29,557,88.02039204656636,24.36803073185978,88.04926351147469,6.222878611656172,0.2818,NA,NA,NA,NA,NA,NA,6.331253037311391,21.44047629882479
deano,3B,,0,400,51,13.25,51,3.3,0.2365,NA,NA,NA,NA,NA,NA,NA,NA
deano,CI,,0,400,51,13.25,51,3.3,0.2365,NA,NA,NA,NA,NA,NA,NA,NA
deano,MI,Corey Seager,24,507.2,82.94781985511918,24.582389143634686,82.36621444271246,2.5798970619572987,0.2878,NA,NA,NA,NA,NA,NA,5.5061295119777105,18.646236156429197
deano,OF1,Raimel Tapia,6,490.75,68.65541587241235,6.110242237249153,46.62901527957674,18.034203186795068,0.2785,NA,NA,NA,NA,NA,NA,3.5816781584229513,12.129176517370144
deano,OF2,Giancarlo Stanton,33,499.5,77.45383095210141,34.67894614500469,92.82512338777833,0.7553281783915504,0.25925,NA,NA,NA,NA,NA,NA,5.577178659986236,18.886840593647424
deano,OF3,Amed Rosario,15,555.6,73.99956153599383,12.786377361496744,63.63386206956424,14.601943078228276,0.276,NA,NA,NA,NA,NA,NA,4.6202515515593605,15.646254114633145
deano,OF4,Jackie Bradley Jr.,2,336,42.628529671001935,9.019494769620126,37.5160645886424,5.938458829528187,0.2164,NA,NA,NA,NA,NA,NA,-1.6348808258168324,-5.53644332184427
deano,OF5,,0,400,51,13.25,51,3.3,0.2365,NA,NA,NA,NA,NA,NA,NA,NA
deano,OF6,,0,400,51,13.25,51,3.3,0.2365,NA,NA,NA,NA,NA,NA,NA,NA
deano,DH,,0,400,51,13.25,51,3.3,0.2365,NA,NA,NA,NA,NA,NA,NA,NA
deano,P1,Frankie Montas,10,NA,NA,NA,NA,NA,NA,177.5,3.65,1.2,0,12,189,9.28,16.359999999999992
deano,P2,Carlos Rodón,14,NA,NA,NA,NA,NA,NA,139.5,3.64,1.16,0,10,172,7.61,13.300000000000002
deano,P3,Gregory Soto,6,NA,NA,NA,NA,NA,NA,67.5,3.74,1.36,21,4,80,4.74,8.070000000000002
deano,P4,Max Scherzer,37,NA,NA,NA,NA,NA,NA,181.5,3.29,1.05,0,13,233,13.58,24.20999999999999
deano,P5,Yu Darvish,19,NA,NA,NA,NA,NA,NA,168,4.01,1.17,0,11,188,8.37,14.700000000000003
deano,P6,Patrick Corbin,2,NA,NA,NA,NA,NA,NA,173,4.48,1.35,0,10,157,4.22,7.110000000000002
deano,P7,Trevor May,2,NA,NA,NA,NA,NA,NA,63.5,3.69,1.21,2,4,79,1.05,1.3099999999999994
deano,P8,Chad Green,2,NA,NA,NA,NA,NA,NA,64.5,3.65,1.11,2,5,79,1.88,2.8299999999999996
deano,P9,,0,NA,NA,NA,NA,NA,NA,73,4.75,1.368,0.42,4.8,94.7,NA,NA
deano,P10,,0,NA,NA,NA,NA,NA,NA,73,4.75,1.368,0.42,4.8,94.7,NA,NA
deano,B1,Vidal Brujan,1,NA,NA,NA,NA,NA,NA,NA,NA,NA,NA,NA,NA,NA,NA
deano,B2,Triston Casas,1,NA,NA,NA,NA,NA,NA,NA,NA,NA,NA,NA,NA,NA,NA
deano,B3,Zac Veen,1,NA,NA,NA,NA,NA,NA,NA,NA,NA,NA,NA,NA,NA,NA
deano,B4,,0,NA,NA,NA,NA,NA,NA,NA,NA,NA,NA,NA,NA,NA,NA
deano,B5,,0,NA,NA,NA,NA,NA,NA,NA,NA,NA,NA,NA,NA,NA,NA
deano,B6,,0,NA,NA,NA,NA,NA,NA,NA,NA,NA,NA,NA,NA,NA,NA
deano,B7,,0,NA,NA,NA,NA,NA,NA,NA,NA,NA,NA,NA,NA,NA,NA
deano,B8,,0,NA,NA,NA,NA,NA,NA,NA,NA,NA,NA,NA,NA,NA,NA
deano,B9,,0,NA,NA,NA,NA,NA,NA,NA,NA,NA,NA,NA,NA,NA,NA
deano,B10,,0,NA,NA,NA,NA,NA,NA,NA,NA,NA,NA,NA,NA,NA,NA
hebrewhammer,C1,Jonah Heim,1,279.8,31.425442065902352,8.580282336000574,33.22167563625357,1.577470172046462,0.2368,NA,NA,NA,NA,NA,NA,-2.3433297918576876,2.0644291790949487
hebrewhammer,C2,,0,260,28,9,30,1,0.223,NA,NA,NA,NA,NA,NA,NA,NA
hebrewhammer,1B,Luke Voit,16,424,64.39637996334216,24.786166704234038,69.66980832483124,0.42329545454545453,0.24875,NA,NA,NA,NA,NA,NA,2.5512890858607777,8.639814718269017
hebrewhammer,2B,Joey Wendle,3,405.2,50.175662494635695,7.980330517610957,42.68502977301915,8.791530246859805,0.255,NA,NA,NA,NA,NA,NA,0.5586344936655248,1.8917881737716726
hebrewhammer,SS,Leury García,2,438.25,55.868915065102435,7.745568580355213,44.566255316211134,7.47205908694054,0.25925,NA,NA,NA,NA,NA,NA,0.769690194244548,2.6065178993613545
hebrewhammer,3B,,0,400,51,13.25,51,3.3,0.2365,NA,NA,NA,NA,NA,NA,NA,NA
hebrewhammer,CI,Josh Bell,17,519.6,81.02305111322069,26.954624316258563,92.94821038900814,0.5940870019329709,0.26380000000000003,NA,NA,NA,NA,NA,NA,5.013896854329868,16.97931452691748
hebrewhammer,MI,Michael Chavis,2,397.8,49.98021114995516,16.21587050616404,53.009246893276455,3.428763319993658,0.23979999999999999,NA,NA,NA,NA,NA,NA,0.5031243304888507,1.7038057426605657
hebrewhammer,OF1,Yordan Alvarez,10,538.8,95.5532371188284,36.37323845461467,112.761941542583,1.4087090762697003,0.2812,NA,NA,NA,NA,NA,NA,8.212687355996769,27.811860869911147
hebrewhammer,OF2,Mitch Haniger,17,563.75,87.59603422695184,31.520003654144652,87.87924605142472,2.510719050767637,0.2475,NA,NA,NA,NA,NA,NA,5.309671782097778,17.98094173897525
hebrewhammer,OF3,Dominic Smith,6,370.25,46.60916923241227,13.331262529173959,53.18875282622739,1.746868045136284,0.255,NA,NA,NA,NA,NA,NA,0.3025888098926501,1.0247020879689857
hebrewhammer,OF4,Nick Castellanos,30,577.75,90.6497713248113,30.311692772313773,94.89338292696502,3.0037250304441137,0.28075,NA,NA,NA,NA,NA,NA,6.818013561583087,23.088866818418165
hebrewhammer,OF5,Michael A. Taylor,2,438.2,53.001823504577665,13.004986891051878,51.525027281212175,13.367031712361696,0.236,NA,NA,NA,NA,NA,NA,1.7150601118580144,5.807966521421312
hebrewhammer,OF6,David Peralta,2,459.5,56.964811590752646,11.752727351179418,60.27458650978683,2.000459269377459,0.26875000000000004,NA,NA,NA,NA,NA,NA,1.363800741897653,4.6184439810975375
hebrewhammer,DH,Nelson Cruz,15,486.4,71.74590972057831,28.785176271513365,83.19695269324401,1.406368891577603,0.26080000000000003,NA,NA,NA,NA,NA,NA,4.445046124001285,15.052929571316582
hebrewhammer,P1,Tanner Houck,6,NA,NA,NA,NA,NA,NA,109,4.15,1.29,0,7,118,2.63,4.210000000000002
hebrewhammer,P2,Alek Manoah,11,NA,NA,NA,NA,NA,NA,148.5,3.93,1.21,0,10,166,6.69,11.630000000000003
hebrewhammer,P3,Huascar Ynoa,13,NA,NA,NA,NA,NA,NA,118,4.21,1.3,0,7,122,2.7,4.330000000000002
hebrewhammer,P4,Jordan Romano,6,NA,NA,NA,NA,NA,NA,65.5,3.29,1.17,27,5,84,7.71,13.490000000000002
hebrewhammer,P5,Liam Hendriks,29,NA,NA,NA,NA,NA,NA,68,2.8,0.95,30,5,100,10.32,18.249999999999993
hebrewhammer,P6,Aaron Nola,36,NA,NA,NA,NA,NA,NA,186.5,3.76,1.16,0,12,211,10.42,18.43999999999999
hebrewhammer,P7,Charlie Morton,26,NA,NA,NA,NA,NA,NA,164,3.62,1.19,0,12,182,8.93,15.709999999999996
hebrewhammer,P8,,0,NA,NA,NA,NA,NA,NA,73,4.75,1.368,0.42,4.8,94.7,NA,NA
hebrewhammer,P9,,0,NA,NA,NA,NA,NA,NA,73,4.75,1.368,0.42,4.8,94.7,NA,NA
hebrewhammer,P10,,0,NA,NA,NA,NA,NA,NA,73,4.75,1.368,0.42,4.8,94.7,NA,NA
hebrewhammer,B1,Spencer Torkelson,1,NA,NA,NA,NA,NA,NA,NA,NA,NA,NA,NA,NA,NA,NA
hebrewhammer,B2,Jordan Groshans,1,121.25,16.389282153539384,2.5290010919622086,13.391093386507146,0,0.24825,NA,NA,NA,NA,NA,NA,-4.344832509428073,-14.713561105798902
hebrewhammer,B3,Sam Huff,2,132.8,15.478179980134641,5.398665813192068,17.706437935474376,0.2693000772541662,0.219,NA,NA,NA,NA,NA,NA,-4.826485465839415,-6.3446550986211845
hebrewhammer,B4,,0,NA,NA,NA,NA,NA,NA,NA,NA,NA,NA,NA,NA,NA,NA
hebrewhammer,B5,,0,NA,NA,NA,NA,NA,NA,NA,NA,NA,NA,NA,NA,NA,NA
hebrewhammer,B6,,0,NA,NA,NA,NA,NA,NA,NA,NA,NA,NA,NA,NA,NA,NA
hebrewhammer,B7,,0,NA,NA,NA,NA,NA,NA,NA,NA,NA,NA,NA,NA,NA,NA
hebrewhammer,B8,,0,NA,NA,NA,NA,NA,NA,NA,NA,NA,NA,NA,NA,NA,NA
hebrewhammer,B9,,0,NA,NA,NA,NA,NA,NA,NA,NA,NA,NA,NA,NA,NA,NA
hebrewhammer,B10,,0,NA,NA,NA,NA,NA,NA,NA,NA,NA,NA,NA,NA,NA,NA
bellevegas,C1,Salvador Perez,13,548.4,75.33463028936005,33.59888552385347,98.00449617785145,0.8010554954877207,0.26,NA,NA,NA,NA,NA,NA,5.637264420291991,29.090318058872732
bellevegas,C2,,0,260,28,9,30,1,0.223,NA,NA,NA,NA,NA,NA,NA,NA
bellevegas,1B,José Abreu,26,567.4,84.3630491017502,29.580616007079037,98.52495261712649,1.0004491852646618,0.2636,NA,NA,NA,NA,NA,NA,5.738005176189817,19.431471662499746
bellevegas,2B,Gleyber Torres,14,522.75,73.69102598271033,20.73301871322882,71.64507606725941,10.950221777500486,0.262,NA,NA,NA,NA,NA,NA,4.748892846995892,16.081891519993952
bellevegas,SS,Trevor Story,22,556.8,85.7769765705112,27.635107861973584,82.68774317824875,20.812042470429244,0.257,NA,NA,NA,NA,NA,NA,7.918745058056703,26.816439768422146
bellevegas,3B,Matt Chapman,17,531,80.90537114534145,28.613980112857046,80.86647002926262,2.3950643074860523,0.222,NA,NA,NA,NA,NA,NA,3.534997383381987,11.971094373917923
bellevegas,CI,,0,400,51,13.25,51,3.3,0.2365,NA,NA,NA,NA,NA,NA,NA,NA
bellevegas,MI,Robinson Cano,1,400,51,13.25,51,3.3,0.2365,NA,NA,NA,NA,NA,NA,NA,NA
bellevegas,OF1,Dylan Carlson,6,550,77.48918314554923,19.247834877392528,71.7399433908661,4.753552482724882,0.25675000000000003,NA,NA,NA,NA,NA,NA,3.545712058727068,12.007379093772267
bellevegas,OF2,Bryan Reynolds,14,554,84.03480856581866,22.40128510833908,83.60103989053704,4.384124547676983,0.2826,NA,NA,NA,NA,NA,NA,5.487588601668809,18.583448277680084
bellevegas,OF3,Seiya Suzuki,12,124,17,6,18,2,0.259,NA,NA,NA,NA,NA,NA,-3.046906400978698,-10.31819832344956
bellevegas,OF4,Austin Hays,12,518,72.07180148178524,22.052058562658157,72.24448749461094,6.405189196650356,0.2554,NA,NA,NA,NA,NA,NA,3.882798335804047,13.148905153737985
bellevegas,OF5,Ramón Laureano,13,443.4,67.12824664712201,19.04878947172889,60.46971888450076,12.659909741154427,0.2494,NA,NA,NA,NA,NA,NA,3.6657513540956765,12.41388624995619
bellevegas,OF6,,0,400,51,13.25,51,3.3,0.2365,NA,NA,NA,NA,NA,NA,NA,NA
bellevegas,DH,,0,400,51,13.25,51,3.3,0.2365,NA,NA,NA,NA,NA,NA,NA,NA
bellevegas,P1,Jack Flaherty,16,NA,NA,NA,NA,NA,NA,164,3.82,1.2,0,11,175,7.91,13.850000000000001
bellevegas,P2,Robbie Ray,15,NA,NA,NA,NA,NA,NA,187.5,3.62,1.15,0,12,244,11.83,21.00999999999999
bellevegas,P3,Sean Manaea,14,NA,NA,NA,NA,NA,NA,172,3.69,1.17,0,11,171,8.56,15.050000000000002
bellevegas,P4,James Karinchak,9,NA,NA,NA,NA,NA,NA,64,3.44,1.22,4,5,91,2.33,3.67
bellevegas,P5,Camilo Doval,19,NA,NA,NA,NA,NA,NA,64,3.67,1.35,20,4,78,4.51,7.640000000000002
bellevegas,P6,Eduardo Rodriguez,16,NA,NA,NA,NA,NA,NA,181.5,3.76,1.25,0,12,190,8.57,15.050000000000002
bellevegas,P7,Stephen Strasburg,11,NA,NA,NA,NA,NA,NA,133.5,4.24,1.28,0,9,133,4,6.710000000000002
bellevegas,P8,Matt Barnes,2,NA,NA,NA,NA,NA,NA,64,3.68,1.25,12,5,87,3.73,6.220000000000002
bellevegas,P9,,0,NA,NA,NA,NA,NA,NA,73,4.75,1.368,0.42,4.8,94.7,NA,NA
bellevegas,P10,,0,NA,NA,NA,NA,NA,NA,73,4.75,1.368,0.42,4.8,94.7,NA,NA
bellevegas,B1,Nolan Gorman,1,NA,NA,NA,NA,NA,NA,NA,NA,NA,NA,NA,NA,NA,NA
bellevegas,B2,Jordan Walker,1,NA,NA,NA,NA,NA,NA,NA,NA,NA,NA,NA,NA,NA,NA
bellevegas,B3,,0,NA,NA,NA,NA,NA,NA,NA,NA,NA,NA,NA,NA,NA,NA
bellevegas,B4,,0,NA,NA,NA,NA,NA,NA,NA,NA,NA,NA,NA,NA,NA,NA
bellevegas,B5,,0,NA,NA,NA,NA,NA,NA,NA,NA,NA,NA,NA,NA,NA,NA
bellevegas,B6,,0,NA,NA,NA,NA,NA,NA,NA,NA,NA,NA,NA,NA,NA,NA
bellevegas,B7,,0,NA,NA,NA,NA,NA,NA,NA,NA,NA,NA,NA,NA,NA,NA
bellevegas,B8,,0,NA,NA,NA,NA,NA,NA,NA,NA,NA,NA,NA,NA,NA,NA
bellevegas,B9,,0,NA,NA,NA,NA,NA,NA,NA,NA,NA,NA,NA,NA,NA,NA
bellevegas,B10,,0,NA,NA,NA,NA,NA,NA,NA,NA,NA,NA,NA,NA,NA,NA
bookhouse,C1,Carson Kelly,5,352.4,46.745830770941964,14.06042098146225,50.08804257294182,0.20119402985074625,0.23979999999999999,NA,NA,NA,NA,NA,NA,-0.5192892611306206,8.241452516604307
bookhouse,C2,Danny Jansen,4,290.8,43.763307065969016,13.684351780320908,43.539978050468946,0.5552991768223302,0.2344,NA,NA,NA,NA,NA,NA,-1.0926334931299242,6.2998505391118425
bookhouse,1B,Anthony Rizzo,18,499,74.94176394703506,23.200351444668982,75.41839881298007,5.6075582649231785,0.2562,NA,NA,NA,NA,NA,NA,4.157619308568459,14.079572830144354
bookhouse,2B,Enrique Hernández,8,518.75,79.76737855884639,23.297562690218097,71.44071245444016,2.233524776821935,0.2535,NA,NA,NA,NA,NA,NA,3.537988554207217,11.981223826461697
bookhouse,SS,Nicky Lopez,7,498.4,63.17888266941717,3.5779693175890355,44.20069788969507,14.200796244131455,0.26580000000000004,NA,NA,NA,NA,NA,NA,1.9207225691063665,6.504432294342605
bookhouse,3B,Josh Donaldson,14,472.5,77.05602771048382,26.91838968471315,75.67689505652693,1.0042561968962853,0.24575,NA,NA,NA,NA,NA,NA,3.545231370149352,12.005751265600356
bookhouse,CI,Eric Hosmer,9,508,64.56483048538578,15.824663733586073,70.51404131072748,4.822398962385644,0.263,NA,NA,NA,NA,NA,NA,2.829259388310137,9.581147444400829
bookhouse,MI,Kolten Wong,11,501.2,74.00666546560912,12.6265783644815,54.63308015299835,14.20898130370124,0.26380000000000003,NA,NA,NA,NA,NA,NA,3.7275772943112164,12.623256748660307
bookhouse,OF1,Jarred Kelenic,6,480,65.83541436816913,21.405864051313557,68.24743889244635,12.009268690049442,0.2318,NA,NA,NA,NA,NA,NA,3.509801252557872,11.88576891897671
bookhouse,OF2,Kyle Tucker,10,536.8,90.72627268629722,29.53795935155885,97.16978176050793,17.016603419404326,0.2796,NA,NA,NA,NA,NA,NA,9.103402764237188,30.82822469028478
bookhouse,OF3,Byron Buxton,31,442.8,74.1995557439451,26.184405899226253,72.0981899216305,14.994664895822185,0.2676,NA,NA,NA,NA,NA,NA,6.235909014905364,21.11759846712481
bookhouse,OF4,Charlie Blackmon,11,502.5,74.34531845542598,16.959479090846415,71.91472276529917,2.748188862198844,0.27775000000000005,NA,NA,NA,NA,NA,NA,3.562160549664316,12.063081097469352
bookhouse,OF5,Michael Brantley,12,484.6,72.4480862173504,12.375507881757915,62.54239944573705,2.7453263086820017,0.2918,NA,NA,NA,NA,NA,NA,3.0512889710214814,10.333039680851718
bookhouse,OF6,Eddie Rosario,16,479.4,62.99894429224924,21.363967044975624,72.74992606647868,8.007258836971891,0.2636,NA,NA,NA,NA,NA,NA,4.011116604872246,13.583448646226678
bookhouse,DH,Miguel Sanó,11,487,77.6208046976694,31.716847988467055,84.7019405768058,1.1650627315236535,0.2256,NA,NA,NA,NA,NA,NA,3.8302243594867766,12.97086597468093
bookhouse,P1,Shane Bieber,22,NA,NA,NA,NA,NA,NA,181.5,3.3,1.11,0,12,224,12.21,21.70999999999999
bookhouse,P2,José Berríos,22,NA,NA,NA,NA,NA,NA,193,3.9,1.21,0,13,198,9.59,16.91999999999999
bookhouse,P3,Kevin Gausman,8,NA,NA,NA,NA,NA,NA,183,3.81,1.17,0,13,200,10.13,17.89999999999999
bookhouse,P4,Tarik Skubal,6,NA,NA,NA,NA,NA,NA,156.5,4.14,1.25,0,10,170,6.18,10.690000000000001
bookhouse,P5,Ryan Pressly,8,NA,NA,NA,NA,NA,NA,64.5,3.03,1.11,32,4,77,8.72,15.330000000000002
bookhouse,P6,Luis Garcia (P),6,NA,NA,NA,NA,NA,NA,151,4.12,1.28,2,9,159,5.61,9.660000000000002
bookhouse,P7,Tylor Megill,6,NA,NA,NA,NA,NA,NA,111.5,4.25,1.28,0,6,117,2.24,3.499999999999999
bookhouse,P8,Devin Williams,3,NA,NA,NA,NA,NA,NA,63.5,3.08,1.19,3,5,89,2.42,3.820000000000001
bookhouse,P9,Rowan Wick,3,NA,NA,NA,NA,NA,NA,60,4.14,1.35,21,3,64,3.63,6.030000000000002
bookhouse,P10,Brusdar Graterol,1,NA,NA,NA,NA,NA,NA,61.5,3.65,1.27,5,4,59,0.87,0.9899999999999997
bookhouse,B1,Francisco Alvarez,1,NA,NA,NA,NA,NA,NA,NA,NA,NA,NA,NA,NA,NA,NA
bookhouse,B2,Oneil Cruz,1,376,48.27759162551304,15.85831155198322,51.96377974838853,11.162096473238902,0.26280000000000003,NA,NA,NA,NA,NA,NA,2.4022127400402113,8.134975022170158
bookhouse,B3,,0,NA,NA,NA,NA,NA,NA,NA,NA,NA,NA,NA,NA,NA,NA
bookhouse,B4,,0,NA,NA,NA,NA,NA,NA,NA,NA,NA,NA,NA,NA,NA,NA
bookhouse,B5,,0,NA,NA,NA,NA,NA,NA,NA,NA,NA,NA,NA,NA,NA,NA
bookhouse,B6,,0,NA,NA,NA,NA,NA,NA,NA,NA,NA,NA,NA,NA,NA,NA
bookhouse,B7,,0,NA,NA,NA,NA,NA,NA,NA,NA,NA,NA,NA,NA,NA,NA
bookhouse,B8,,0,NA,NA,NA,NA,NA,NA,NA,NA,NA,NA,NA,NA,NA,NA
bookhouse,B9,,0,NA,NA,NA,NA,NA,NA,NA,NA,NA,NA,NA,NA,NA,NA
bookhouse,B10,,0,NA,NA,NA,NA,NA,NA,NA,NA,NA,NA,NA,NA,NA,NA
balco,C1,Tyler Stephenson,8,397.75,56.00241446443021,12.241215286467675,50.959896401241345,0.2631118881118881,0.2665,NA,NA,NA,NA,NA,NA,0.6052996694563748,12.04981749113237
balco,C2,Omar Narváez,5,385.4,48.54519287744678,11.69808063378125,48.51565933729857,0.22182741116751264,0.25,NA,NA,NA,NA,NA,NA,-0.42433853510114183,8.562998469513456
balco,1B,,0,400,51,13.25,51,3.3,0.2365,NA,NA,NA,NA,NA,NA,NA,NA
balco,2B,Brendan Rodgers,6,478.5,63.99534495652243,18.04618835995489,64.55842954063144,1.724072447035331,0.27775000000000005,NA,NA,NA,NA,NA,NA,2.775296873541173,9.39840604832795
balco,SS,Brandon Crawford,10,479.8,64.46344140975461,16.6217917310896,67.26460775980031,6.003156483910901,0.2552,NA,NA,NA,NA,NA,NA,2.698056934784994,9.13683680343045
balco,3B,Luis Urías,17,489.2,70.793822375271,17.989541882827993,66.94236640400719,4.783564373505307,0.2514,NA,NA,NA,NA,NA,NA,2.7546158111558414,9.328370650075168
balco,CI,Rowdy Tellez,5,421.4,58.675343068884686,22.076689938039614,67.26043365641301,1.177137917780434,0.256,NA,NA,NA,NA,NA,NA,2.2931045376326322,7.7654854734282415
balco,MI,Abraham Toro,9,430.5,57.41080130660127,14.54806363459247,54.83621592840155,6.530648422543697,0.24775,NA,NA,NA,NA,NA,NA,1.4780000811839615,5.005174413901297
balco,OF1,Ketel Marte,16,549.2,82.20866005498944,20.162764271495536,75.04413209129477,5.222939620216451,0.28859999999999997,NA,NA,NA,NA,NA,NA,5.135629703667013,17.391556820128656
balco,OF2,Ryan Mountcastle,8,560.6,76.80683347050667,28.030889950812917,86.9085460265736,3.7933521073933076,0.2594,NA,NA,NA,NA,NA,NA,5.073443546518138,17.180966464537427
balco,OF3,J.D. Martinez,28,555.5,84.2258605996533,29.20698226900185,92.46390340352868,0.7518538573756941,0.27275000000000005,NA,NA,NA,NA,NA,NA,5.6937572151172144,19.28162812362086
balco,OF4,Michael Conforto,16,490.75,73.68207954451032,22.19805989571189,74.54881590580727,3.0060169301514077,0.25425,NA,NA,NA,NA,NA,NA,3.4663310935426983,11.738559368421965
balco,OF5,Trey Mancini,16,554.8,79.7709047014967,24.144332749604956,79.85251601021054,0.3876628504621357,0.2622,NA,NA,NA,NA,NA,NA,3.992745374648291,13.521235380720514
balco,OF6,Lourdes Gurriel Jr.,17,503,66.98918205718228,21.99898518548802,75.5307918535965,3.4948953579731254,0.269,NA,NA,NA,NA,NA,NA,3.802391476874641,12.876611289793642
balco,DH,,0,400,51,13.25,51,3.3,0.2365,NA,NA,NA,NA,NA,NA,NA,NA
balco,P1,Joe Musgrove,17,NA,NA,NA,NA,NA,NA,178.5,3.75,1.18,0,12,190,9.38,16.539999999999992
balco,P2,Trevor Rogers,7,NA,NA,NA,NA,NA,NA,151.5,3.58,1.22,0,10,168,7.29,12.710000000000003
balco,P3,Pablo López,8,NA,NA,NA,NA,NA,NA,150,3.71,1.19,0,9,149,6.45,11.180000000000001
balco,P4,Ranger Suárez,9,NA,NA,NA,NA,NA,NA,143.5,3.95,1.31,0,9,130,4.19,7.0500000000000025
balco,P5,Michael Kopech,7,NA,NA,NA,NA,NA,NA,120,3.8,1.21,0,8,151,5.18,8.870000000000003
balco,P6,Will Smith (P),12,NA,NA,NA,NA,NA,NA,67.5,3.89,1.22,31,4,81,7.57,13.240000000000002
balco,P7,Craig Kimbrel,13,NA,NA,NA,NA,NA,NA,63,3.59,1.18,7,4,93,2.78,4.470000000000002
balco,P8,Paul Sewald,3,NA,NA,NA,NA,NA,NA,66,3.71,1.16,9,4,85,3.08,5.020000000000002
balco,P9,Ian Kennedy,1,NA,NA,NA,NA,NA,NA,60,4.35,1.27,5,3,64,0.19,-0.25000000000000006
balco,P10,Cole Sulser,2,NA,NA,NA,NA,NA,NA,66,4.03,1.3,8,4,72,1.61,2.3399999999999994
balco,B1,Hunter Greene,1,NA,NA,NA,NA,NA,NA,97.5,4.67,1.36,0,6,100,NA,NA
balco,B2,Nick Pratto,1,NA,NA,NA,NA,NA,NA,NA,NA,NA,NA,NA,NA,NA,NA
balco,B3,Jasson Dominguez,1,NA,NA,NA,NA,NA,NA,NA,NA,NA,NA,NA,NA,NA,NA
balco,B4,,0,NA,NA,NA,NA,NA,NA,NA,NA,NA,NA,NA,NA,NA,NA
balco,B5,,0,NA,NA,NA,NA,NA,NA,NA,NA,NA,NA,NA,NA,NA,NA
balco,B6,,0,NA,NA,NA,NA,NA,NA,NA,NA,NA,NA,NA,NA,NA,NA
balco,B7,,0,NA,NA,NA,NA,NA,NA,NA,NA,NA,NA,NA,NA,NA,NA
balco,B8,,0,NA,NA,NA,NA,NA,NA,NA,NA,NA,NA,NA,NA,NA,NA
balco,B9,,0,NA,NA,NA,NA,NA,NA,NA,NA,NA,NA,NA,NA,NA,NA
balco,B10,,0,NA,NA,NA,NA,NA,NA,NA,NA,NA,NA,NA,NA,NA,NA
sturgeon,C1,Yadier Molina,4,389,40.74822368945699,9.743788073170697,48.51351339245679,2.2504627960891517,0.24725,NA,NA,NA,NA,NA,NA,-0.7062092910127546,7.608457050012532
sturgeon,C2,,0,260,28,9,30,1,0.223,NA,NA,NA,NA,NA,NA,NA,NA
sturgeon,1B,Ty France,11,517.4,72.31533481275025,18.668802584847487,73.91390114429484,0.36114570552147246,0.2716,NA,NA,NA,NA,NA,NA,3.154086818440006,10.68115952350502
sturgeon,2B,Jake Cronenworth,15,536.2,78.4565165355087,15.754121484596814,69.95097263100712,6.81143842464899,0.27180000000000004,NA,NA,NA,NA,NA,NA,3.9747309673534392,13.460230478473445
sturgeon,SS,Bo Bichette,12,604,101.47858730213991,27.72785330501787,92.92341073666621,19.479701643225177,0.2905,NA,NA,NA,NA,NA,NA,9.921775143229388,33.59960240840648
sturgeon,3B,Evan Longoria,4,404.6,54.61726295036319,16.38536454526123,58.65685442189814,2.3846631173283552,0.2478,NA,NA,NA,NA,NA,NA,1.0547568235672422,3.57188198662181
sturgeon,CI,,0,400,51,13.25,51,3.3,0.2365,NA,NA,NA,NA,NA,NA,NA,NA
sturgeon,MI,,0,400,51,13.25,51,3.3,0.2365,NA,NA,NA,NA,NA,NA,NA,NA
sturgeon,OF1,Ronald Acuña Jr.,14,493.2,107.6281064050565,36.41698087614161,85.27042658303981,24.937853929846348,0.2822,NA,NA,NA,NA,NA,NA,11.387969553622495,38.564797500159166
sturgeon,OF2,Trent Grisham,8,513,80.73109715657661,18.788216661778307,65.66443625621709,14.7979802716789,0.2448,NA,NA,NA,NA,NA,NA,4.603490670708837,15.589494217894648
sturgeon,OF3,Brandon Lowe,10,522.2,86.61791882180817,31.05716723139208,88.98785333250251,6.018815897848534,0.2464,NA,NA,NA,NA,NA,NA,5.809189582966603,19.67253414686883
sturgeon,OF4,Alex Kirilloff,8,430.4,56.51358590147689,16.63655607543103,61.96438871601496,3.647342368930287,0.27,NA,NA,NA,NA,NA,NA,2.2638075970503064,7.666272828398628
sturgeon,OF5,Lane Thomas,8,409,61.67019838156751,15.213588725997546,54.17793432116234,9.995810619816845,0.23859999999999998,NA,NA,NA,NA,NA,NA,1.9502974591975006,6.60458620168171
sturgeon,OF6,Bryce Harper,42,520,100.51134500569124,35.991343255618204,100.77433774315033,12.774335387338816,0.275,NA,NA,NA,NA,NA,NA,9.498418016131986,32.16592436774409
sturgeon,DH,,0,400,51,13.25,51,3.3,0.2365,NA,NA,NA,NA,NA,NA,NA,NA
sturgeon,P1,Sonny Gray,13,NA,NA,NA,NA,NA,NA,158.5,4.26,1.32,0,10,167,5.16,8.820000000000002
sturgeon,P2,Tyler Mahle,7,NA,NA,NA,NA,NA,NA,168,4.42,1.31,0,10,180,5.44,9.340000000000002
sturgeon,P3,Raisel Iglesias,26,NA,NA,NA,NA,NA,NA,66.5,3.16,1.06,32,5,88,9.58,16.909999999999993
sturgeon,P4,Sandy Alcantara,30,NA,NA,NA,NA,NA,NA,195.5,3.69,1.21,0,12,188,9.46,16.679999999999993
sturgeon,P5,Dane Dunning,9,NA,NA,NA,NA,NA,NA,137,4.26,1.36,0,8,124,2.66,4.2600000000000025
sturgeon,P6,Jordan Montgomery,14,NA,NA,NA,NA,NA,NA,158,4.05,1.27,0,10,159,5.82,10.030000000000003
sturgeon,P7,Yusei Kikuchi,4,NA,NA,NA,NA,NA,NA,148.5,4.27,1.33,0,9,142,3.88,6.490000000000002
sturgeon,P8,Lucas Sims,6,NA,NA,NA,NA,NA,NA,63,3.81,1.22,23,4,87,5.9,10.190000000000001
sturgeon,P9,Robert Suarez,1,NA,NA,NA,NA,NA,NA,54.5,3.65,1.21,2,2,55,-0.51,-1.5400000000000005
sturgeon,P10,,0,NA,NA,NA,NA,NA,NA,73,4.75,1.368,0.42,4.8,94.7,NA,NA
sturgeon,B1,Joe Ryan,1,NA,NA,NA,NA,NA,NA,131,4.26,1.19,0,8,138,NA,NA
sturgeon,B2,Reid Detmers,1,NA,NA,NA,NA,NA,NA,89,4.38,1.31,0,6,95,NA,NA
sturgeon,B3,Jarren Duran,1,407,54.619439185437436,10.604598414937417,44.41068882026952,16.380728696295574,0.2512,NA,NA,NA,NA,NA,NA,2.2158145145500185,7.503746620428281
sturgeon,B4,Henry Davis,2,NA,NA,NA,NA,NA,NA,NA,NA,NA,NA,NA,NA,NA,NA
sturgeon,B5,,0,NA,NA,NA,NA,NA,NA,NA,NA,NA,NA,NA,NA,NA,NA
sturgeon,B6,,0,NA,NA,NA,NA,NA,NA,NA,NA,NA,NA,NA,NA,NA,NA
sturgeon,B7,,0,NA,NA,NA,NA,NA,NA,NA,NA,NA,NA,NA,NA,NA,NA
sturgeon,B8,,0,NA,NA,NA,NA,NA,NA,NA,NA,NA,NA,NA,NA,NA,NA
sturgeon,B9,,0,NA,NA,NA,NA,NA,NA,NA,NA,NA,NA,NA,NA,NA,NA
sturgeon,B10,,0,NA,NA,NA,NA,NA,NA,NA,NA,NA,NA,NA,NA,NA,NA
evilempire,C1,J.T. Realmuto,24,517.75,76.06974868879708,21.987292968895296,78.12409503905805,11.00287095342386,0.26125,NA,NA,NA,NA,NA,NA,5.2488895969338225,27.775105865299253
evilempire,C2,Christian Vázquez,7,395.5,46.45258702958866,9.75319058060071,44.85626443122358,5.537056239874867,0.2525,NA,NA,NA,NA,NA,NA,0.07879388995696857,10.266831624033776
evilempire,1B,Yoshi Tsutsugo,4,411,55.47121163248599,17.18833684816909,56.5017557217922,0.695392899880335,0.22825,NA,NA,NA,NA,NA,NA,0.1400608456017256,0.47430914904522414
evilempire,2B,Whit Merrifield,27,620.5,87.47916363334387,11.740228067158087,64.31991554862255,28.979101021754797,0.2815,NA,NA,NA,NA,NA,NA,7.624286813758832,25.81927144002707
evilempire,SS,Wander Franco,14,548,85.13844144559772,17.392861499085136,80.71524386705684,8.805966620147892,0.29,NA,NA,NA,NA,NA,NA,5.838654335890923,19.772315080121956
evilempire,3B,Rafael Devers,17,586.75,99.45743268390059,37.262619580450675,106.94433736700931,5.4965527582533955,0.28075,NA,NA,NA,NA,NA,NA,8.864776112420028,30.020127297493417
evilempire,CI,Brian Anderson,2,420.8,53.563539017868735,15.220731127735524,55.43325886717318,4.253822300531172,0.24559999999999998,NA,NA,NA,NA,NA,NA,0.976979148133312,3.3084917229739332
evilempire,MI,,0,400,51,13.25,51,3.3,0.2365,NA,NA,NA,NA,NA,NA,NA,NA
evilempire,OF1,Aaron Judge,17,528.2,98.19458911101488,36.56962999876292,97.52309993962709,4.81923504330941,0.27440000000000003,NA,NA,NA,NA,NA,NA,7.99672959457421,27.08053055693192
evilempire,OF2,Tyler O'Neill,6,509.4,82.20569430580126,32.78863539259154,86.69636690553774,12.043341424959255,0.2556,NA,NA,NA,NA,NA,NA,7.023315989211511,23.784113368779966
evilempire,OF3,Teoscar Hernández,7,547.8,85.87742278479878,31.79194949486365,97.0722235467851,10.007254765322546,0.2642,NA,NA,NA,NA,NA,NA,7.4758935732133605,25.31674504626725
evilempire,OF4,Randy Arozarena,6,529.4,84.27306372507277,21.364931831377437,73.14839488601012,18.640729564505218,0.2542,NA,NA,NA,NA,NA,NA,6.305171445232718,21.35215227299564
evilempire,OF5,Josh Rojas,8,495.2,68.58803277728352,11.751456212751938,51.80312453393315,14.138234019323887,0.2462,NA,NA,NA,NA,NA,NA,2.6838113407784134,9.088594801592773
evilempire,OF6,,0,400,51,13.25,51,3.3,0.2365,NA,NA,NA,NA,NA,NA,NA,NA
evilempire,DH,,0,400,51,13.25,51,3.3,0.2365,NA,NA,NA,NA,NA,NA,NA,NA
evilempire,P1,Ian Anderson,6,NA,NA,NA,NA,NA,NA,156,4.16,1.35,0,10,156,4.66,7.920000000000002
evilempire,P2,Jacob deGrom,32,NA,NA,NA,NA,NA,NA,148,2.48,0.93,0,11,213,13.57,24.199999999999992
evilempire,P3,Brandon Woodruff,15,NA,NA,NA,NA,NA,NA,181,3.48,1.13,0,12,205,11.03,19.55999999999999
evilempire,P4,Cal Quantrill,8,NA,NA,NA,NA,NA,NA,157,4.51,1.35,0,9,130,2.97,4.830000000000002
evilempire,P5,Kenley Jansen,20,NA,NA,NA,NA,NA,NA,65,3.82,1.21,14,4,78,3.68,6.120000000000002
evilempire,P6,David Bednar,9,NA,NA,NA,NA,NA,NA,64,3.59,1.21,21,3,75,4.98,8.500000000000002
evilempire,P7,Blake Treinen,11,NA,NA,NA,NA,NA,NA,68.5,3.49,1.23,26,5,75,6.88,11.970000000000002
evilempire,P8,Steven Matz,6,NA,NA,NA,NA,NA,NA,154,4.17,1.29,0,10,139,4.76,8.110000000000003
evilempire,P9,Cristian Javier,3,NA,NA,NA,NA,NA,NA,91,4.23,1.28,0,4,111,1.17,1.5499999999999994
evilempire,P10,Eric Lauer,2,NA,NA,NA,NA,NA,NA,109.5,4.51,1.34,0,6,104,1.08,1.3799999999999994
evilempire,B1,Grayson Rodriguez,1,NA,NA,NA,NA,NA,NA,66.5,4.46,1.31,0,4,67,NA,NA
evilempire,B2,Brett Baty,1,NA,NA,NA,NA,NA,NA,NA,NA,NA,NA,NA,NA,NA,NA
evilempire,B3,Josh Lowe,1,188,25.594023879125736,5.804953550426595,25.207330551684286,6.231969679458854,0.235,NA,NA,NA,NA,NA,NA,-2.525744421398278,-8.553308971343093
evilempire,B4,Nick Gonzales,1,NA,NA,NA,NA,NA,NA,NA,NA,NA,NA,NA,NA,NA,NA
evilempire,B5,,0,NA,NA,NA,NA,NA,NA,NA,NA,NA,NA,NA,NA,NA,NA
evilempire,B6,,0,NA,NA,NA,NA,NA,NA,NA,NA,NA,NA,NA,NA,NA,NA
evilempire,B7,,0,NA,NA,NA,NA,NA,NA,NA,NA,NA,NA,NA,NA,NA,NA
evilempire,B8,,0,NA,NA,NA,NA,NA,NA,NA,NA,NA,NA,NA,NA,NA,NA
evilempire,B9,,0,NA,NA,NA,NA,NA,NA,NA,NA,NA,NA,NA,NA,NA,NA
evilempire,B10,,0,NA,NA,NA,NA,NA,NA,NA,NA,NA,NA,NA,NA,NA,NA
pasadena,C1,Willson Contreras,15,453,67.291831463793,22.29597624948747,68.12359566076897,4.725635927863594,0.2435,NA,NA,NA,NA,NA,NA,2.857542741904529,19.676927627062607
pasadena,C2,,0,260,28,9,30,1,0.223,NA,NA,NA,NA,NA,NA,NA,NA
pasadena,1B,,0,400,51,13.25,51,3.3,0.2365,NA,NA,NA,NA,NA,NA,NA,NA
pasadena,2B,Gavin Lux,6,413.75,61.21747389811582,13.737174689927988,56.52301429216312,5.772070847561265,0.25525,NA,NA,NA,NA,NA,NA,1.7453530382439706,5.910552023275768
pasadena,SS,Tim Anderson,22,595.4,91.81376060415126,19.809219587952974,68.58343019526018,19.258563380660465,0.28919999999999996,NA,NA,NA,NA,NA,NA,7.522945903225431,25.476085442312563
pasadena,3B,Anthony Rendon,18,470,74.4358809412498,20.384803054386786,77.86478055165966,1.8302055165965407,0.2696,NA,NA,NA,NA,NA,NA,3.772914691926333,12.776789610684425
pasadena,CI,Ke'Bryan Hayes,16,522,71.23236352438417,13.704252035719033,58.8991822670145,10.81042547088421,0.2604,NA,NA,NA,NA,NA,NA,3.248281078171961,11.000143740589154
pasadena,MI,Andrés Giménez,6,402.8,52.618358798970945,12.365032292408051,46.59063397448079,17.192271623226176,0.2454,NA,NA,NA,NA,NA,NA,2.3603847046858255,7.993326442440837
pasadena,OF1,Andrew Vaughn,6,451,61.769744717118094,20.012188966028432,61.53437676749276,1.514564071719963,0.25275000000000003,NA,NA,NA,NA,NA,NA,1.8846149391064617,6.382155585347185
pasadena,OF2,Kyle Lewis,6,456,58.94640223236678,18.719960525138237,59.744747607561706,4.751453579945275,0.241,NA,NA,NA,NA,NA,NA,1.6870927999407654,5.713256598319225
pasadena,OF3,Luis Robert,6,523,81.66040456344017,26.48427087700334,80.69143735618748,16.807114929460234,0.2828,NA,NA,NA,NA,NA,NA,7.757985030029681,26.272033858502066
pasadena,OF4,Austin Meadows,16,522,78.00707696196133,27.006015417667133,87.54516618223177,6.999064830026539,0.24875,NA,NA,NA,NA,NA,NA,5.204234608141665,17.623883947113388
pasadena,OF5,Mookie Betts,39,559,109.69427405724517,30.502784407773973,86.71972135899014,15.309301907754312,0.28175,NA,NA,NA,NA,NA,NA,9.293236557490886,31.47108747289445
pasadena,OF6,Brandon Nimmo,8,432.25,71.06286505173982,13.236858232183009,47.86269606947175,7.395430448586268,0.259,NA,NA,NA,NA,NA,NA,2.0944314598650107,7.092688889562727
pasadena,DH,,0,400,51,13.25,51,3.3,0.2365,NA,NA,NA,NA,NA,NA,NA,NA
pasadena,P1,Casey Mize,6,NA,NA,NA,NA,NA,NA,159,4.44,1.31,0,8,129,3.16,5.180000000000002
pasadena,P2,Giovanny Gallegos,11,NA,NA,NA,NA,NA,NA,69.5,3.48,1.11,25,4,82,7.12,12.400000000000002
pasadena,P3,Scott Barlow,6,NA,NA,NA,NA,NA,NA,67,3.67,1.27,24,4,79,5.85,10.090000000000002
pasadena,P4,Zac Gallen,13,NA,NA,NA,NA,NA,NA,169.5,4.2,1.29,0,10,181,6.12,10.580000000000002
pasadena,P5,Blake Snell,18,NA,NA,NA,NA,NA,NA,148.5,3.77,1.26,0,10,180,6.85,11.920000000000002
pasadena,P6,John Means,9,NA,NA,NA,NA,NA,NA,163.5,4.25,1.19,0,10,149,6.14,10.620000000000003
pasadena,P7,José Urquidy,8,NA,NA,NA,NA,NA,NA,133,4.46,1.22,0,8,117,3.41,5.630000000000003
pasadena,P8,Corey Kluber,4,NA,NA,NA,NA,NA,NA,135,4.15,1.29,0,8,130,3.63,6.030000000000002
pasadena,P9,Chris Paddack,4,NA,NA,NA,NA,NA,NA,82,4.14,1.2,0,5,79,1,1.2299999999999995
pasadena,P10,,0,NA,NA,NA,NA,NA,NA,73,4.75,1.368,0.42,4.8,94.7,NA,NA
pasadena,B1,Joey Bart,3,311,36.439333280482,8.634501347708895,35.826274774060565,1.4041089265895037,0.234,NA,NA,NA,NA,NA,NA,-2.1465047548392246,2.730967464066375
pasadena,B2,Julio Rodriguez,6,NA,NA,NA,NA,NA,NA,NA,NA,NA,NA,NA,NA,NA,NA
pasadena,B3,Corbin Carroll,1,NA,NA,NA,NA,NA,NA,NA,NA,NA,NA,NA,NA,NA,NA
pasadena,B4,Robert Hassell,1,NA,NA,NA,NA,NA,NA,NA,NA,NA,NA,NA,NA,NA,NA
pasadena,B5,,0,NA,NA,NA,NA,NA,NA,NA,NA,NA,NA,NA,NA,NA,NA
pasadena,B6,,0,NA,NA,NA,NA,NA,NA,NA,NA,NA,NA,NA,NA,NA,NA
pasadena,B7,,0,NA,NA,NA,NA,NA,NA,NA,NA,NA,NA,NA,NA,NA,NA
pasadena,B8,,0,NA,NA,NA,NA,NA,NA,NA,NA,NA,NA,NA,NA,NA,NA
pasadena,B9,,0,NA,NA,NA,NA,NA,NA,NA,NA,NA,NA,NA,NA,NA,NA
pasadena,B10,,0,NA,NA,NA,NA,NA,NA,NA,NA,NA,NA,NA,NA,NA,NA
deener,C1,Gary Sánchez,9,354.25,51.76144098353184,22.248929902892495,58.410778233960556,0.2660340314136126,0.212,NA,NA,NA,NA,NA,NA,0.004519170927932303,10.015303949565693
deener,C2,Elias Díaz,5,332,43.47927270809899,12.956782550618673,45.46085137795276,0.27120535714285715,0.26125,NA,NA,NA,NA,NA,NA,-0.23450491738389212,9.205860657677594
deener,1B,C.J. Cron,8,484.2,72.66541797423969,28.237316450984657,85.9267001120269,1.1911405415293743,0.2652,NA,NA,NA,NA,NA,NA,4.656434524046155,15.768785967246254
deener,2B,Jonathan India,6,544.6,94.24058904515552,22.186946912825327,71.21909663044426,10.78001728015493,0.2582,NA,NA,NA,NA,NA,NA,5.5483271590086956,18.78913640788056
deener,SS,Marcus Semien,29,590,94.5663828627177,29.12784439234217,81.26820766903512,10.987605718223623,0.2582,NA,NA,NA,NA,NA,NA,6.7924287621380985,23.002225156352576
deener,3B,Justin Turner,16,494.8,79.5746863321675,22.83539999300444,82.94087049819592,2.3901419483008035,0.2756,NA,NA,NA,NA,NA,NA,4.762887545077779,16.129283875151078
deener,CI,Rhys Hoskins,31,484.2,85.27569108282923,31.784240297088473,85.98864719988241,3.2142332499862785,0.242,NA,NA,NA,NA,NA,NA,5.091850510517655,17.24330074071296
deener,MI,Nick Madrigal,6,432.25,52.70657297175346,3.72517105924849,41.756955846950774,10.320139511385499,0.2935,NA,NA,NA,NA,NA,NA,1.7131897252042427,5.801632549222838
deener,OF1,Kyle Schwarber,33,470.75,79.03594604770493,32.52157991710757,83.95355690165943,2.4890342988294827,0.24625,NA,NA,NA,NA,NA,NA,4.858697909479471,16.453740951030102
deener,OF2,Trevor Larnach,6,333.4,42.92297218065966,11.157931473180465,41.12744095193569,1.3265332689650582,0.2286,NA,NA,NA,NA,NA,NA,-1.5765699298228022,-5.338976347115022
deener,OF3,Avisaíl García,17,507.6,68.94798605120147,21.617805964862868,71.79286943351009,8.191411803004495,0.2616,NA,NA,NA,NA,NA,NA,4.195493775340212,14.207832844767816
deener,OF4,AJ Pollock,13,416.4,62.30586070358532,21.07500210608117,70.7371603517623,7.530414778387928,0.2666,NA,NA,NA,NA,NA,NA,3.886613872152439,13.161826279487169
deener,OF5,Lorenzo Cain,4,412.2,56.320175985498906,9.53881383288645,45.09543555209646,14.11283737670844,0.266,NA,NA,NA,NA,NA,NA,2.326760217004191,7.879458772494673
deener,OF6,Garrett Cooper,4,370,50.70615835046893,14.465112414458012,51.11105705164338,1.695445531547014,0.26375000000000004,NA,NA,NA,NA,NA,NA,0.7850768944009958,2.658624200922402
deener,DH,Bobby Dalbec,8,460.75,65.6583183287878,28.48843842161835,76.26817482613399,2.9906272182364932,0.235,NA,NA,NA,NA,NA,NA,3.2507078353541243,11.008361834154607
deener,P1,Alex Reyes,10,NA,NA,NA,NA,NA,NA,69.5,3.93,1.38,8,5,85,2.07,3.1799999999999993
deener,P2,Kyle Hendricks,8,NA,NA,NA,NA,NA,NA,179.5,4.73,1.33,0,10,129,3.18,5.210000000000002
deener,P3,Dallas Keuchel,1,NA,NA,NA,NA,NA,NA,157.5,4.62,1.46,0,9,103,0.81,0.8799999999999997
deener,P4,Taijuan Walker,5,NA,NA,NA,NA,NA,NA,155.5,4.53,1.32,0,8,142,3.26,5.360000000000002
deener,P5,Jesus Luzardo,8,NA,NA,NA,NA,NA,NA,73,4.75,1.368,0.42,4.8,94.7,NA,NA
deener,P6,Tony Gonsolin,6,NA,NA,NA,NA,NA,NA,119,4.63,1.37,0,7,122,1.59,2.3099999999999996
deener,P7,Ken Giles,6,NA,NA,NA,NA,NA,NA,51,3.79,1.21,10,3,59,1.6,2.3199999999999994
deener,P8,Dylan Bundy,1,NA,NA,NA,NA,NA,NA,151.5,4.87,1.36,0,9,140,2.54,4.040000000000002
deener,P9,Garrett Whitlock,6,NA,NA,NA,NA,NA,NA,73.5,3.66,1.24,20,5,76,5.48,9.410000000000002
deener,P10,Trevor Bauer,6,NA,NA,NA,NA,NA,NA,108,3.77,1.16,0,7,129,4.35,7.3400000000000025
deener,B1,Noelvi Marte,1,248,15.779494382022472,5.00936329588015,16.28043071161049,3.2560861423220975,0.20850000000000002,NA,NA,NA,NA,NA,NA,-4.784439153040494,-16.20226733308635
deener,B2,Heston Kjerstad,1,NA,NA,NA,NA,NA,NA,NA,NA,NA,NA,NA,NA,NA,NA
deener,B3,MacKenzie Gore,1,NA,NA,NA,NA,NA,NA,43,4.62,1.42,0,2,39,NA,NA
deener,B4,Kevin Kopps,1,NA,NA,NA,NA,NA,NA,NA,NA,NA,NA,NA,NA,NA,NA
deener,B5,,0,NA,NA,NA,NA,NA,NA,NA,NA,NA,NA,NA,NA,NA,NA
deener,B6,,0,NA,NA,NA,NA,NA,NA,NA,NA,NA,NA,NA,NA,NA,NA
deener,B7,,0,NA,NA,NA,NA,NA,NA,NA,NA,NA,NA,NA,NA,NA,NA
deener,B8,,0,NA,NA,NA,NA,NA,NA,NA,NA,NA,NA,NA,NA,NA,NA
deener,B9,,0,NA,NA,NA,NA,NA,NA,NA,NA,NA,NA,NA,NA,NA,NA
deener,B10,,0,NA,NA,NA,NA,NA,NA,NA,NA,NA,NA,NA,NA,NA,NA
shohei,C1,Daulton Varsho,6,378,54.73134960615497,15.754241848323867,52.76719064847042,8.738699853453014,0.25325,NA,NA,NA,NA,NA,NA,1.9606692966158545,16.639709917798058
shohei,C2,Yasmani Grandal,19,408,68.92756429975391,25.00402687446067,70.64456291881065,1.002468302891325,0.2345,NA,NA,NA,NA,NA,NA,2.4103018928446396,18.162368539371034
shohei,1B,Pete Alonso,18,553,92.525355847984,38.96766430150542,107.78863052467062,1.7842468405581156,0.261,NA,NA,NA,NA,NA,NA,7.531224074868503,25.504119062492475
shohei,2B,Jazz Chisholm Jr.,6,499.6,71.99867869195137,20.9845218052755,62.12434918020443,20.83520229541714,0.2378,NA,NA,NA,NA,NA,NA,5.093977814976444,17.250504752392843
shohei,SS,Francisco Lindor,32,556.4,88.82711909986331,25.584349044304684,83.00141935624539,14.67848758772577,0.256,NA,NA,NA,NA,NA,NA,6.788560320892139,22.989124870775832
shohei,3B,Ryan McMahon,14,510.6,72.77878198530074,22.994324358488182,78.01426741547333,4.799359902727366,0.2526,NA,NA,NA,NA,NA,NA,3.9088455752794147,13.237112846169527
shohei,CI,Nathaniel Lowe,11,520.4,74.74911302981468,19.948109585779076,71.92263589712145,4.348419595287717,0.257,NA,NA,NA,NA,NA,NA,3.4626529914415602,11.726103656976004
shohei,MI,Jorge Mateo,2,342,39.18936505661525,7.974331597598774,34.929963461081314,13.759945127421194,0.2338,NA,NA,NA,NA,NA,NA,-0.12286470631383728,-0.4160752710655458
shohei,OF1,Cavan Biggio,9,417.25,61.217491306373546,15.239686468421796,51.99347236952559,7.52555774782973,0.22575,NA,NA,NA,NA,NA,NA,0.9967185298727682,3.375338166141523
shohei,OF2,Tony Kemp,3,400.4,55.70563905520874,7.230986698760666,40.9762773122351,9.342989913980418,0.2516,NA,NA,NA,NA,NA,NA,0.5972229629927956,2.022466122851184
shohei,OF3,Joc Pederson,3,419,61.74206879186043,22.259296288470125,64.86213899483468,2.722086381581122,0.2375,NA,NA,NA,NA,NA,NA,1.955900067711335,6.623559159221797
shohei,OF4,,0,400,51,13.25,51,3.3,0.2365,NA,NA,NA,NA,NA,NA,NA,NA
shohei,OF5,,0,400,51,13.25,51,3.3,0.2365,NA,NA,NA,NA,NA,NA,NA,NA
shohei,OF6,,0,400,51,13.25,51,3.3,0.2365,NA,NA,NA,NA,NA,NA,NA,NA
shohei,DH,,0,400,51,13.25,51,3.3,0.2365,NA,NA,NA,NA,NA,NA,NA,NA
shohei,P1,Gerrit Cole,38,NA,NA,NA,NA,NA,NA,195.5,3.17,1.04,0,15,259,15.93,28.50999999999999
shohei,P2,Shohei Ohtani,28,511.8,98.71591062805872,38.03374303501428,97.61727562273319,21.768739825095636,0.262,148.5,3.65,1.2,0,9,173,7.11,12.400000000000002
shohei,P3,Freddy Peralta,14,NA,NA,NA,NA,NA,NA,150,3.9,1.2,0,10,190,7.58,13.240000000000002
shohei,P4,Lance McCullers Jr.,10,NA,NA,NA,NA,NA,NA,149,3.64,1.28,0,10,162,6.34,10.990000000000002
shohei,P5,Josh Hader,17,NA,NA,NA,NA,NA,NA,66,2.7,1,31,4,107,10.16,17.95999999999999
shohei,P6,Jameson Taillon,5,NA,NA,NA,NA,NA,NA,142.5,4.52,1.27,0,8,135,3.48,5.7600000000000025
shohei,P7,James Kaprielian,4,NA,NA,NA,NA,NA,NA,113,4.49,1.3,0,6,111,1.64,2.3899999999999997
shohei,P8,Elieser Hernandez,2,NA,NA,NA,NA,NA,NA,124,4.5,1.25,0,6,121,2.42,3.820000000000001
shohei,P9,,0,NA,NA,NA,NA,NA,NA,73,4.75,1.368,0.42,4.8,94.7,NA,NA
shohei,P10,,0,NA,NA,NA,NA,NA,NA,73,4.75,1.368,0.42,4.8,94.7,NA,NA
shohei,B1,Oswald Peraza,1,182.5,22.208648385206068,4.150868578953052,19.547293184357695,7.543413423607381,0.2505,NA,NA,NA,NA,NA,NA,-2.3485672472243637,-7.953307205313261
shohei,B2,Garrett Mitchell,1,146.5,11.03395061728395,2.507716049382716,8.275462962962962,2.507716049382716,0.22999999999999998,NA,NA,NA,NA,NA,NA,-4.992242377304669,-16.90598270797325
shohei,B3,Cade Cavalli,1,NA,NA,NA,NA,NA,NA,51.5,4.76,1.46,0,3,50,NA,NA
shohei,B4,Max Meyer,1,NA,NA,NA,NA,NA,NA,33.5,4.35,1.41,0,2,29,NA,NA
shohei,B5,,0,NA,NA,NA,NA,NA,NA,NA,NA,NA,NA,NA,NA,NA,NA
shohei,B6,,0,NA,NA,NA,NA,NA,NA,NA,NA,NA,NA,NA,NA,NA,NA
shohei,B7,,0,NA,NA,NA,NA,NA,NA,NA,NA,NA,NA,NA,NA,NA,NA
shohei,B8,,0,NA,NA,NA,NA,NA,NA,NA,NA,NA,NA,NA,NA,NA,NA
shohei,B9,,0,NA,NA,NA,NA,NA,NA,NA,NA,NA,NA,NA,NA,NA,NA
shohei,B10,,0,NA,NA,NA,NA,NA,NA,NA,NA,NA,NA,NA,NA,NA,NA
bears,C1,,0,260,28,9,30,1,0.223,NA,NA,NA,NA,NA,NA,NA,NA
bears,C2,,0,260,28,9,30,1,0.223,NA,NA,NA,NA,NA,NA,NA,NA
bears,1B,Vladimir Guerrero Jr.,10,565,110.03062584028062,40.53570284558284,112.63073155852844,2.79349970601191,0.30519999999999997,NA,NA,NA,NA,NA,NA,10.27592838816653,34.798924913679656
bears,2B,Luis Arraez,6,504.8,69.67957585534718,4.594605874874785,50.90675260568157,3.1521567807795154,0.2994,NA,NA,NA,NA,NA,NA,1.9075559664034785,6.459844243363806
bears,SS,Willy Adames,10,528.4,76.79534429163107,23.589824051226465,73.42432833800481,5.985670478814069,0.2532,NA,NA,NA,NA,NA,NA,4.146059379713347,14.040425700946784
bears,3B,Alec Bohm,14,470.6,62.11735511600333,14.595413473856269,61.39877620843034,4.638039922520854,0.2614,NA,NA,NA,NA,NA,NA,2.1115267200780217,7.150581145528373
bears,CI,Nolan Arenado,25,567.8,80.44502999905438,28.97881269670737,93.21684361829173,2.001797048207742,0.2612,NA,NA,NA,NA,NA,NA,5.365863843931072,18.171233386271414
bears,MI,Jonathan Villar,5,426.4,56.54354073757403,13.146192076520107,46.382861004732455,19.21326643432168,0.244,NA,NA,NA,NA,NA,NA,2.8770509378568088,9.742991170958733
bears,OF1,Ian Happ,9,493.75,72.67801812037409,25.945002904459372,74.81928681333598,8.530920212761783,0.2395,NA,NA,NA,NA,NA,NA,4.2536826420187035,14.404886573235675
bears,OF2,Hunter Renfroe,8,493.8,73.64599219526914,31.593392728742486,85.40176701383118,2.6065835233323535,0.2396,NA,NA,NA,NA,NA,NA,4.401397058580578,14.905114163039054
bears,OF3,Mike Trout,41,452.5,92.56203395539832,35.149386558038664,92.60280244094662,7.7449419438910745,0.277,NA,NA,NA,NA,NA,NA,7.970723877659318,26.99246347860449
bears,OF4,Robbie Grossman,13,495.4,72.00823053063863,15.807711089480415,56.78700239738775,13.407844924277152,0.23879999999999998,NA,NA,NA,NA,NA,NA,3.109097953152286,10.52880694902602
bears,OF5,Rafael Ortega,5,447,63.34558046492036,13.236747454275706,50.388962079017354,13.395130167680907,0.2478,NA,NA,NA,NA,NA,NA,2.506125421515648,8.486870195399176
bears,OF6,,0,400,51,13.25,51,3.3,0.2365,NA,NA,NA,NA,NA,NA,NA,NA
bears,DH,Franmil Reyes,14,530.2,79.96446914890409,35.509131756202336,98.79197020284174,2.6220949176448918,0.2532,NA,NA,NA,NA,NA,NA,6.1324729606450425,20.76731736846347
bears,P1,Chris Sale,24,NA,NA,NA,NA,NA,NA,152.5,3.55,1.13,0,11,188,9.22,16.249999999999993
bears,P2,Dylan Cease,10,NA,NA,NA,NA,NA,NA,165,3.94,1.26,0,11,201,7.8,13.650000000000002
bears,P3,Taylor Rogers,10,NA,NA,NA,NA,NA,NA,63,3.04,1.11,22,4,79,6.45,11.180000000000001
bears,P4,Aroldis Chapman,24,NA,NA,NA,NA,NA,NA,62.5,2.98,1.18,32,4,98,8.99,15.829999999999995
bears,P5,Alex Wood,10,NA,NA,NA,NA,NA,NA,152,3.86,1.25,0,9,150,5.65,9.730000000000002
bears,P6,Triston McKenzie,8,NA,NA,NA,NA,NA,NA,126,4.55,1.3,0,7,140,2.84,4.5900000000000025
bears,P7,Zack Greinke,2,NA,NA,NA,NA,NA,NA,153.5,4.43,1.27,0,9,119,3.61,5.990000000000002
bears,P8,Tyler Wells,3,NA,NA,NA,NA,NA,NA,63,4.31,1.21,15,3,71,2.98,4.850000000000002
bears,P9,,0,NA,NA,NA,NA,NA,NA,73,4.75,1.368,0.42,4.8,94.7,NA,NA
bears,P10,,0,NA,NA,NA,NA,NA,NA,73,4.75,1.368,0.42,4.8,94.7,NA,NA
bears,B1,Adley Rutschman,1,391.25,54.707995386025374,15.141358134247527,52.30914202216064,2.327041870374327,0.25425,NA,NA,NA,NA,NA,NA,0.852317251923312,12.88633035692116
bears,B2,Bobby Witt Jr.,1,499.25,67.02218822944015,21.002068022983057,68.06789614828827,17.94196253893177,0.25925,NA,NA,NA,NA,NA,NA,5.411715472785619,18.326507667037784
bears,B3,Anthony Volpe,1,231,14.778752436647173,5.510721247563352,16.782651072124754,4.007797270955166,0.2285,NA,NA,NA,NA,NA,NA,-3.945927547370606,-13.362689116624908
bears,B4,Marcelo Mayer,1,NA,NA,NA,NA,NA,NA,NA,NA,NA,NA,NA,NA,NA,NA
bears,B5,,0,NA,NA,NA,NA,NA,NA,NA,NA,NA,NA,NA,NA,NA,NA
bears,B6,,0,NA,NA,NA,NA,NA,NA,NA,NA,NA,NA,NA,NA,NA,NA
bears,B7,,0,NA,NA,NA,NA,NA,NA,NA,NA,NA,NA,NA,NA,NA,NA
bears,B8,,0,NA,NA,NA,NA,NA,NA,NA,NA,NA,NA,NA,NA,NA,NA
bears,B9,,0,NA,NA,NA,NA,NA,NA,NA,NA,NA,NA,NA,NA,NA,NA
bears,B10,,0,NA,NA,NA,NA,NA,NA,NA,NA,NA,NA,NA,NA,NA,NA
