Name,dollar_value,status,ADP,Dollars,ADP2,reg_estimate,sean_value
Matt Barnes,20.43,,500,$12.1,250000,3.432248270872428,16.99775172912757
Byron Buxton,27.406448148984122,,165.5,$23.1,27390.25,12.588843673625327,14.817604475358795
Myles Straw,17.835410800446105,,579.1,$7.7,335356.81,3.6417499526814687,14.193660847764637
Ke'Bryan Hayes,17.10883237282604,,586.3,$11.5,343747.68999999994,3.705923139867961,13.402909232958079
Kevin Kiermaier,15.662641899333346,,501.2,$6.9,251201.44,3.428640992093282,12.234000907240064
Jackie Bradley Jr.,15.783062842146055,,567.5,$8.7,322056.25,3.55418988679021,12.228872955355845
Tanner Rainey,15.96,,598.6,$8.3,358321.96,3.832962652209627,12.127037347790374
Kyle Seager,15.861329688422448,,433.9,$8.3,188269.21,3.953860696620545,11.907468991801903
Harrison Bader,14.91695001084451,,561.3,$7.9,315057.68999999994,3.5154013923697907,11.401548618474719
Rafael Montero,14.81,,564.9,$9.0,319112.00999999995,3.537244316941825,11.272755683058175
Andrelton Simmons,14.519406239851172,,521.8,$7.7,272275.23999999993,3.39931401933846,11.120092220512712
Mitch Haniger,14.610506935587043,,578.7,$9.3,334893.69000000006,3.63840544422259,10.972101491364453
Orlando Arcia,14.579705872191013,,576.3,$6.4,332121.68999999994,3.6188261872322016,10.960879684958812
J.P. Crawford,14.506675434968798,,575.9,$4.5,331660.81,3.615644276694292,10.891031158274506
Nico Hoerner,14.26444095180913,,555.3,$6.2,308358.08999999997,3.483177607479476,10.781263344329654
Drew Pomeranz,14.71,,434.6,$10.1,188877.16000000003,3.9450137181307525,10.764986281869248
Aaron Hicks,16.81769997319054,,325.5,$11.7,105950.25,6.1823403640464285,10.63535960914411
Nick Ahmed,13.96160450621027,,547.2,$4.9,299427.84,3.4479658141963743,10.513638692013895
Brandon Nimmo,15.150358628691219,,390,$9.6,152100,4.650816282170986,10.499542346520233
Josh Naylor,14.257451817458147,,594.3,$11.5,353192.48999999993,3.7860534254675997,10.471398391990547
Evan White,14.65358417704736,,416.9,$6.6,173805.61,4.190557725310274,10.463026451737086
A.J. Pollock,17.035247508780312,,312,$12.9,97344,6.5793274565950295,10.455920052185283
Kevin Pillar,13.73985150020079,,548,$7.6,300304,3.4510196061667084,10.288831894034082
Yimi Garcia,14.09,,598.3,$7.2,357962.88999999996,3.8296028094310923,10.260397190568908
JaCoby Jones,13.830852310811629,,589.3,$5.9,347274.48999999993,3.734883171604176,10.095969139207453
Chris Sale,13.86,,597.2,$19.0,356647.84,3.8173951719804613,10.042604828019538
Kole Calhoun,13.874633124398686,,429.2,$9.0,184212.63999999998,4.015104130424435,9.859528993974251
Jesus Aguilar,13.261085458667363,,483.1,$7.3,233385.61000000002,3.5052548330444857,9.755830625622878
Miguel Rojas,13.325894872096438,,589.8,$5.5,347864.0399999999,3.7398368731859684,9.58605799891047
Maikel Franco,12.902094888060402,,529.1,$6.7,279946.81,3.4037055221110304,9.498389365949372
Stephen Piscotty,12.859652446405661,,533,$8.2,284089,3.4092223268868302,9.450430119518831
Roman Quinn,12.848376519749655,,560.4,$2.5,314048.16,3.5102346440749663,9.338141875674689
Mauricio Dubon,14.304260622745426,,367.4,$8.9,134982.75999999998,5.118706505489028,9.185554117256398
Nate Lowe,12.672494513890612,,557.8,$6.4,311140.83999999997,3.4959690363883116,9.1765254775023
Eric Hosmer,17.766672449387848,,253.7,$13.4,64363.689999999995,8.597574076893178,9.16909837249467
Austin Hays,17.081198231334916,,271.5,$12.0,73712.25,7.929039472260852,9.152158759074064
Chris Martin,12.84,,592.6,$8.9,351174.76,3.7682483184680304,9.07175168153197
Brandon Belt,12.668248863704413,,573.6,$6.5,329016.96,3.5977990648018476,9.070449798902565
Ender Inciarte,12.271456598803553,,489.3,$4.1,239414.49000000002,3.4736558488900293,8.797800749913524
Willy Adames,13.08352000813548,,403.5,$4.9,162812.25,4.406700270678703,8.676819737456777
Nicky Lopez,12.250410501979397,,574.2,$2.5,329705.6400000001,3.602380297344716,8.648030204634681
Dexter Fowler,12.342234393049015,,589.6,$5.1,347628.16000000003,3.737851037251801,8.604383355797214
Trey Mancini,12.979442752275379,,403,$9.8,162409,4.415269780113428,8.56417297216195
Jason Heyward,12.046879048030652,,560.9,$7.6,314608.81,3.513090542122802,8.53378850590785
Aaron Bummer,11.780000000000001,,516.9,$8.7,267185.61,3.4007056303152687,8.379294369684732
Jose Iglesias,11.990339160767917,,576.7,$4.3,332582.8900000001,3.6220313260445405,8.368307834723376
Luis Urias,11.76533872947332,,511.7,$3.4,261836.88999999998,3.4059947825040506,8.35934394696927
Isiah Kiner-Falefa,14.205494368339664,,335.8,$4.7,112761.64000000001,5.897248225633826,8.308246142705839
Joey Votto,15.95216254852689,,279.1,$11.2,77896.81000000001,7.657610187503751,8.294552361023138
Niko Goodrum,15.737128072502493,,283.6,$4.3,80428.96,7.500847915493933,8.23628015700856
Edwin Diaz,23.69,,113.7,$18.1,12927.69,15.459333412280179,8.230666587719822
Franchy Cordero,11.64873042896495,,491.3,$5.3,241375.69,3.464653077259296,8.184077351705653
Gregory Polanco,12.780667247417865,,391.7,$5.8,153428.88999999998,4.618619624937489,8.162047622480376
Evan Longoria,11.653396898470488,,566,$4.2,320356,3.5442938257030665,8.109103072767422
Ian Desmond,11.733888238583985,,587.4,$5.1,345038.75999999995,3.7163901085039033,8.017498130080082
Richard Rodriguez,11.82,,596.5,$6.3,355812.25,3.8097181367515187,8.010281863248482
Alex Dickerson,11.257843436502016,,584.6,$7.9,341757.16000000003,3.690092436194477,7.567751000307539
Nick Solak,15.032537363617312,,284.6,$10.3,80997.16000000002,7.466411091013981,7.566126272603331
Amir Garrett,11.059999999999999,,592.7,$5.7,351293.29000000004,3.7692840635660874,7.290715936433911
Jean Segura,17.66122755458129,,209.4,$11.5,43848.36,10.461091713046782,7.200135841534509
Corey Dickerson,13.983074978961422,,300.5,$10.7,90300.25,6.938370799347111,7.044704179614311
Tommy La Stella,13.102787794094086,,329.3,$7.3,108438.49,6.075367807733909,7.027419986360177
Matt Carpenter,11.096280493275497,,421.2,$1.9,177409.44,4.126723250199146,6.969557243076351
Chad Pinder,10.656059377557956,,597.7,$2.8,357245.29000000004,3.822922321587116,6.833137055970839
Craig Kimbrel,21.15,,132.5,$13.6,17556.25,14.372500230631331,6.777499769368667
Rio Ruiz,10.463495749294925,,591,$3.2,349281,3.7518738372317344,6.71162191206319
Jordan Luplow,10.443444704274473,,594.4,$4.4,353311.36,3.787113850607235,6.656330853667238
Didi Gregorius,16.071092672868968,,231.9,$9.5,53777.61,9.479005254277219,6.592087418591749
Brandon Crawford,10.22892826170507,,591,$1.0,349281,3.7518738372317344,6.4770544244733355
Hunter Renfroe,14.35411093725034,,266.2,$10.1,70862.43999999999,8.12328855000687,6.230822387243469
Justin Upton,16.588939834202233,,210.1,$12.5,44142.009999999995,10.429430213770665,6.159509620431567
Lorenzo Cain,18.02298450771891,,176.8,$12.0,31258.240000000005,12.01441343426678,6.00857107345213
David Bote,9.67300462194918,,585.6,$0.1,342927.36000000004,3.6993538029756357,5.973650818973545
Jake Bauers,9.654674655050037,,590.8,$2.7,349044.63999999996,3.7498531588859265,5.904821496164111
Brett Gardner,9.857359023842402,,432.4,$2.5,186969.75999999998,3.9730580492501,5.8843009745923025
Anthony Rizzo,23.210493177470088,,82,$21.0,6724,17.408122221648615,5.802370955821473
Jorge Polanco,18.543248644436545,,160.3,$13.0,25696.090000000004,12.859411333879237,5.683837310557308
Aroldis Chapman,22.84,,84.7,$16.5,7174.09,17.236453386521827,5.603546613478173
Bradley Zimmer,9.385362629768906,,595.7,$0.8,354858.49000000005,3.801031488233244,5.584331141535662
Drew Smyly,9.04,,559.5,$9.5,313040.25,3.505185488919417,5.534814511080582
Renato Nunez,12.34819739077503,,302.1,$6.2,91264.41000000002,6.8872671433802,5.460930247394831
Ji-Man Choi,8.855333384899083,,558.3,$1.0,311698.88999999996,3.498636204706446,5.356697180192637
Sam Hilliard,14.01656338214566,,249.9,$6.5,62450.01,8.746252999934907,5.270310382210754
Joc Pederson,15.64437953965599,,210.1,$12.3,44142.009999999995,10.429430213770665,5.214949325885325
D.J. Stewart,8.906889988769244,,598.6,$2.7,358321.96,3.832962652209628,5.073927336559616
Adam Frazier,8.520634994262737,,557.3,($1.1),310583.2899999999,3.4933381622489685,5.027296832013769
Shohei Ohtani,19.46324448089305,,130.5,$14.9,17030.25,14.485681813055995,4.977562667837054
Shohei Ohtani,19.46324448089305,,130.5,$0.6,17030.25,14.485681813055995,4.977562667837054
Daniel Vogelbach,8.486418439251246,,566.8,$3.2,321262.23999999993,3.5495310754692975,4.936887363781948
Giancarlo Stanton,23.333555221665595,,65.5,$22.9,4290.25,18.48020553910371,4.853349682561884
Avisail Garcia,15.604395762886583,,201.4,$11.3,40561.96,10.827989568746872,4.77640619413971
Brian Anderson,14.256132862533555,,225.5,$7.5,50850.25,9.750874787073645,4.50525807545991
Joey Wendle,8.132947291973585,,585.2,($3.7),342459.04000000004,3.6956318350573527,4.437315456916232
Albert Pujols,7.927176643273134,,562.1,($0.1),315956.41000000003,3.5200927776870508,4.407083865586083
Tommy Pham,21.285711910249514,,87.5,$17.3,7656.25,17.05954430709702,4.2261676031524935
Tommy Edman,18.658741699901388,,130.9,$11.0,17134.81,14.462999040022215,4.195742659879173
David Price,7.720000000000001,,567.4,$9.5,321942.75999999995,3.5535199870143357,4.166480012985665
Luis Arraez,12.805400746982672,,252.4,$7.8,63705.76,8.648202006824276,4.157198740158396
Hunter Harvey,10.09,,333.9,$3.4,111489.20999999999,5.948679527387094,4.141320472612906
Mitch Moreland,7.667331024835499,,572.4,($0.1),327641.75999999995,3.588793390568485,4.078537634267014
Nick Senzel,14.761820410229102,,201.6,$7.3,40642.56,10.818703884516552,3.9431165257125507
Joey Gallo,20.389783546487955,,97.1,$15.6,9428.409999999998,16.461639810012173,3.928143736475782
Josh Reddick,7.475587172858412,,575.3,$2.0,330970.08999999997,3.610914963901971,3.864672208956441
Tim Locastro,7.644293108285973,,598.8,($1.3),358561.43999999994,3.8352098062310773,3.809083302054896
Brusdar Graterol,7.36,,578,$7.0,334084,3.6326084474548774,3.727391552545123
Raisel Iglesias,19.05,,115.7,$12.4,13386.49,15.341273892226367,3.708726107773634
Jose Abreu,21.452316117065354,,76.6,$20.2,5867.5599999999995,17.7546349066626,3.697681210402756
Nathan Eovaldi,11.7,,269.2,$12.9,72468.64,8.012835382181471,3.687164617818528
Yusei Kikuchi,7.04,,503,$8.1,253009,3.4236220510554776,3.6163779489445225
Cesar Hernandez,12.491672245453882,,245,$4.6,60025,8.941065000277472,3.55060724517641
Javier Baez,24.126743655876187,,34.4,$18.2,1183.36,20.608377056662373,3.518366599213813
Jon Berti,12.35667468967575,,247.1,($0.4),61058.409999999996,8.85714732344525,3.499527366230499
Adam Haseley,7.124815780761021,,585.4,$0.7,342693.16,3.6974899154821914,3.4273258652788297
David Peralta,12.156655561954711,,248.9,$9.1,61951.21000000001,8.78572745643068,3.3709281055240314
Hunter Dozier,14.292386880652169,,199,$9.8,39601,10.939870730862012,3.3525161497901568
Hanser Alberto,6.737604630565581,,506.3,($2.8),256339.69,3.415642321210852,3.321962309354729
Ty France,7.026994046527633,,590.6,($2.2),348808.36000000004,3.7478382876087237,3.279155758918909
Rougned Odor,12.752274231418582,,231.5,$1.0,53592.25,9.495822888018811,3.256451343399771
Marcus Semien,19.669128664798357,,97.7,$12.9,9545.29,16.42471501969274,3.2444136451056167
Christin Stewart,6.994768183438668,,595,$1.0,354025,3.7935068885552097,3.2012612948834587
Tony Kemp,6.9725821794644585,,594.9,($5.1),353906.00999999995,3.792437752812667,3.1801444266517915
Garrett Cooper,6.509190070725084,,506.3,($1.5),256339.69,3.415642321210852,3.0935477495142316
Edward Olivares,6.809541896735477,,589.8,($1.4),347864.0399999999,3.73983687318597,3.069705023549507
Adam Eaton,13.625554172344742,,205.7,$8.0,42312.49,10.629627090539032,2.9959270818057107
Bryan Reynolds,14.293325290995455,,191.1,$10.8,36519.21,11.314052737480353,2.979272553515102
Kolten Wong,13.077495602951588,,217,$2.6,47089,10.121144825805978,2.9563507771456106
Todd Frazier,6.412928588498412,,559,($2.9),312481,3.5024312145721943,2.9104973739262174
Kyle Schwarber,17.79773386898982,,122.5,$14.5,15006.25,14.944215211360788,2.8535186576290315
Carlos Correa,18.507174608224833,,105.7,$15.0,11172.49,15.937378561101557,2.569796047123276
Tony Gonsolin,5.9399999999999995,,555.4,$7.4,308469.16,3.4836718434300145,2.456328156569985
Khris Davis,14.389353615742479,,176.8,$10.9,31258.240000000005,12.01441343426678,2.374940181475699
Michael Brantley,16.733339386904937,,131.8,$15.6,17371.24,14.412047729074567,2.32129165783037
Buster Posey,5.7289579998300555,,549.8,$7.2,302280.04,3.4582303516134125,2.270727648216643
Jake Lamb,5.684024147848905,,537.7,($4.2),289121.29000000004,3.418804805337575,2.2652193425113296
J.D. Martinez,23.625404626419932,,23.7,$25.4,561.6899999999999,21.373043415435994,2.2523612109839384
Rhys Hoskins,16.942398066222616,,126.5,$11.4,16002.25,14.713787098487163,2.2286109677354524
Willie Calhoun,12.956768251657772,,202.3,$9.6,40925.29000000001,10.786249720375697,2.1705185312820756
C.J. Cron,12.866848925567435,,199.9,$6.5,39960.01,10.897817300786105,1.96903162478133
Andrew Benintendi,16.805312466577977,,122.5,$11.7,15006.25,14.944215211360786,1.8610972552171905
Carter Kieboom,8.583720010542528,,307.1,($0.3),94310.41000000002,6.729963634283628,1.8537563762589002
James McCann,5.48975619969162,,464,$5.8,215296,3.637676962713349,1.8520792369782715
Jose Altuve,22.082505326963275,,39.7,$17.3,1576.0900000000001,20.235772577282045,1.8467327496812302
Justin Turner,15.143993960406311,,149.8,$11.1,22440.040000000005,13.417716069369227,1.7262778910370837
Jay Bruce,5.10490316354082,,547.5,($1.2),299756.25,3.4491000979316166,1.6558030656092035
Josh Donaldson,18.757377197354206,,85.8,$14.3,7361.639999999999,17.16681765080484,1.5905595465493647
Ryan Braun,11.611402347786084,,218,$6.5,47524,10.07703923209682,1.5343631156892652
Enrique Hernandez,5.021852261976057,,564.7,($4.6),318886.09,3.535981461049116,1.485870800926941
Chris Archer,4.72,,511.5,$3.5,261632.25,3.40627660686057,1.3137233931394299
Tyler Rogers,4.77,,489.3,$2.0,239414.49000000002,3.4736558488900284,1.2963441511099711
Scott Kingery,13.729738146839992,,168,$2.2,28224,12.46016039361737,1.269577753222622
Paul Goldschmidt,18.962640482773228,,77.4,$15.4,5990.760000000001,17.70303256891205,1.2596079138611778
Chris Bassitt,5.99,,382,$5.6,145924,4.807962819817735,1.182037180182265
Noah Syndergaard,4.859999999999999,,598.2,$7.3,357843.24000000005,3.8284857653725535,1.031514234627446
Trevor May,4.53,,563.7,$5.9,317757.69000000006,3.529754287614663,1.0002457123853374
Yandy Diaz,8.43423498755567,,285.5,$1.0,81510.25,7.435542075073479,0.9986929124821904
Carlos Santana,14.861525415950375,,141.6,$9.6,20050.559999999998,13.864856180597917,0.9966692353524582
Yan Gomes,4.407377236389004,,540.6,$4.7,292248.36000000004,3.4263172458251954,0.9810599905638084
Ryan Zimmerman,4.588857543643647,,577,($4.6),332929,3.624450423708883,0.9644071199347644
Tyler O'Neill,4.34846515658777,,506.6,($2.6),256643.56000000003,3.4149952866511617,0.9334698699366086
Asdrubal Cabrera,4.266945242872114,,543.4,($4.5),295283.56,3.4347291468277508,0.8322160960443634
Marwin Gonzalez,4.215167558393037,,547.6,($5.6),299865.76,3.449481096044331,0.7656864623487056
Shogo Akiyama,9.081310100801419,,260.9,$2.0,68068.80999999998,8.321615641681543,0.759694459119876
Yasiel Puig,10.05293948825852,,234.6,$3.0,55037.159999999996,9.366093791074384,0.6868456971841361
Kevin Ginkel,4.15,,552.6,$3.0,305366.76,3.4703820047983105,0.6796179952016899
Max Scherzer,22.67,,14.4,$29.2,207.36,22.05116140476718,0.6188385952328233
Jose Leclerc,14,,150.3,$8.3,22590.090000000004,13.390767187796106,0.6092328122038939
Starlin Castro,9.716748445993197,,239.5,$1.4,57360.25,9.16388358532761,0.5528648606655864
Andrew Heaney,11.66,,194.8,$13.5,37947.04,11.137674913835529,0.5223250861644715
Nomar Mazara,7.971502522088232,,281.3,$2.7,79129.69,7.5806035574318384,0.39089896465639384
Ryan McMahon,12.608611701120681,,172.6,$4.4,29790.76,12.225753894161182,0.38285780695949967
Mike Zunino,3.7553038530273932,,509.5,$3.4,259590.25,3.409414239199113,0.3458896138282803
Hector Neris,15.58,,115,$7.8,13225,15.382528668839807,0.19747133116019278
Elieser Hernandez,3.67,,581.2,$2.5,337793.44000000006,3.659689710967887,0.010310289032112951
Martin Maldonado,3.4439891566888012,,571.6,$2.7,326726.56,3.582905749118362,-0.13891659242956056
Patrick Sandoval,3.5,,591.2,$3.6,349517.44000000006,3.7539003226461505,-0.2539003226461505
Tyler Mahle,3.21,,559.3,$1.0,312816.48999999993,3.504079423879072,-0.2940794238790718
Tucker Barnhart,3.1981074133656398,,484.7,$3.4,234934.09,3.4965660061767347,-0.298458592811095
Jacob Stallings,3.154734295028188,,549.7,$3.2,302170.09,3.4578174146233622,-0.3030831195951742
Anthony Rendon,20.624319952942034,,29.9,$18.5,894.0099999999999,20.927940497044986,-0.3036205441029516
Jordan Montgomery,6.79,,293.3,$6.1,86024.89,7.172936449534266,-0.38293644953426575
Tyler Naquin,3.330566055866887,,593.7,($4.1),352479.69000000006,3.779721361739986,-0.44915530587309904
Nicholas Castellanos,17.394847141845887,,75,$15.9,5625,17.858118321456782,-0.4632711796108957
Travis Shaw,3.4100936802914434,,434.5,($6.2),188790.25,3.946273216899268,-0.5361795366078246
Sean Murphy,9.256720334910911,,224,$11.5,50176,9.815454380860093,-0.5587340459491816
Diego Castillo,5.05,,344.8,$5.6,118887.04000000001,5.660747187838721,-0.6107471878387214
Yoan Moncada,17.529722153911884,,69.8,$11.3,4872.04,18.197006143861792,-0.6672839899499081
Vince Velasquez,2.7,,518.2,($0.4),268531.24000000005,3.3999967138895983,-0.6999967138895982
Josh Bell,15.601776388709219,,99.4,$10.8,9880.36,16.32037860093247,-0.7186022122232529
Freddy Galvis,2.7485768562772397,,487.1,($7.6),237266.41000000003,3.4842296141078424,-0.7356527578306027
Kwang-hyun Kim,4.4,,366.6,$3.9,134395.56000000003,5.136627845324034,-0.7366278453240334
Jason Kipnis,2.931668381974508,,584.5,($8.6),341640.25,3.689174284235696,-0.7575059022611876
Jose Quintana,2.64,,552.6,$0.6,305366.76,3.47038200479831,-0.8303820047983099
Nick Anderson,13.81,,122.5,$12.1,15006.25,14.944215211360786,-1.134215211360786
Eduardo Escobar,13.546024595156355,,127,$6.7,16129,14.68514690818251,-1.1391223130261547
Emilio Pagan,5.79,,298.9,$5.2,89341.20999999999,6.989846107704816,-1.1998461077048157
Jonathan Hernandez,2.55,,598.6,$2.4,358321.96,3.8329626522096287,-1.282962652209629
Jonathan Loaisiga,2.18,,563.7,$3.5,317757.69000000006,3.5297542876146637,-1.3497542876146635
Zach Eflin,2.14,,558.1,$0.3,311475.61000000004,3.497564982077741,-1.357564982077741
Shed Long,1.950097491831666,,544.9,($9.8),296916.00999999995,3.4397037172711977,-1.4896062254395317
Kris Bryant,17.31562080922014,,60.5,$12.0,3660.25,18.812882520105344,-1.4972617108852049
John Means,2.26,,449.7,$0.0,202230.09,3.7714898839158786,-1.5114898839158788
Yoshitomo Tsutsugo,2.515210227909787,,425.5,($4.2),181050.25,4.065573092551196,-1.5503628646414085
Matt Kemp,2.1424762213155444,,590.2,($4.6),348336.04000000004,3.7438259662601348,-1.6013497449445904
Aristides Aquino,1.82418356532999,,483,($5.1),233289,3.5058102247445095,-1.6816266594145195
Yadier Molina,7.728777067939543,,232.1,$9.7,53870.409999999996,9.47060514800933,-1.7418280800697872
Kyle Gibson,1.9,,448.9,($0.4),201511.21,3.779852788825196,-1.879852788825196
Griffin Canning,5.12,,298.4,$4.2,89042.55999999998,7.006008359342053,-1.8860083593420525
Jose Alvarado,1.5,,516.8,$3.3,267082.23999999993,3.4007703247180725,-1.9007703247180725
Freddy Peralta,3.15,,370.3,$3.0,137122.09,5.054520521663937,-1.9045205216639371
Brian Goodwin,1.792686289363229,,585.8,($6.4),343161.63999999996,3.701223497537687,-1.9085372081744583
Chad Green,1.6,,564.2,$4.0,318321.6400000001,3.5328497272424983,-1.9328497272424983
Justin Smoak,1.9617184659495126,,434.3,($7.5),188616.49000000002,3.948796569737753,-1.9870781037882406
Cal Quantrill,1.71,,592.5,$1.0,351056.25,3.767214025137127,-2.057214025137127
Delino DeShields,1.3509058746012157,,571.7,($8.2),326840.8900000001,3.5836366231145993,-2.232730748513384
Pedro Severino,1.1164862543809977,,538.3,$0.8,289766.88999999996,3.4202589314360403,-2.3037726770550426
Josh Rojas,1.4170274667194782,,589.5,($11.2),347510.25,3.73686029693544,-2.3198328302159616
Austin Adams,1.08,,532.7,$3.4,283769.29000000004,3.408719561862509,-2.328719561862509
Brady Singer,1.3499999999999996,,585.8,$0.4,343161.63999999996,3.7012234975376863,-2.3512234975376867
Seth Lugo,5.890000000000001,,263,$6.9,69169,8.242545415368285,-2.3525454153682848
Blake Snell,17.240000000000002,,47.6,$21.7,2265.76,19.68795050873757,-2.4479505087375664
Spencer Turnbull,1.3600000000000003,,445,($1.4),198025,3.8219524948524928,-2.4619524948524925
Rick Porcello,1.0599999999999996,,476,($1.8),226576,3.548295285117648,-2.4882952851176485
Tyler Duffey,1.1799999999999997,,589.1,$1.8,347038.81000000006,3.732911853341523,-2.552911853341523
Scott Barlow,1.25,,596.1,$2.0,355335.21,3.805363198355168,-2.555363198355168
Danny Duffy,0.9299999999999997,,561.2,($2.1),314945.44000000006,3.514821502157317,-2.5848215021573173
Josh Lindblom,3.17,,340.9,$1.6,116212.80999999998,5.761787188451068,-2.591787188451068
Elvis Andrus,10.867959819439283,,148.8,$0.0,22141.440000000002,13.471722715051833,-2.603762895612549
Nelson Cruz,16.117628254271494,,61.6,$14.4,3794.5600000000004,18.73938218023098,-2.621753925959485
Dee Gordon,0.8181913250231154,,481.6,($11.8),231938.56000000003,3.513738144095739,-2.6955468190726233
Shin-Soo Choo,6.829575925467131,,229.4,($0.7),52624.36,9.58449655403945,-2.75492062857232
Yasmani Grandal,13.116281716962996,,106.6,$16.5,11363.56,15.883134642254237,-2.766852925291241
Victor Caratini,1.097282149724204,,433.8,$1.1,188182.44,3.955130357759118,-2.857848208034914
Jarrod Dyson,0.9736109490726725,,444,($9.1),197136,3.833102974221876,-2.859492025149203
Kevin Newman,8.074142925391712,,195.9,($2.6),38376.810000000005,11.085621530090748,-3.011478604699036
Danny Jansen,5.6193112411399655,,252.1,$7.1,63554.409999999996,8.659920217681552,-3.040608976541587
Chance Sisco,0.41277170967657467,,561.9,$0.8,315731.61,3.5189112207548265,-3.106139511078252
Merrill Kelly,0.3600000000000003,,552.9,($1.6),305698.41,3.4717514748120966,-3.1117514748120962
Isan Diaz,0.5646690602878418,,584,($11.3),341056,3.6846053009490563,-3.1199362406612146
Matt Shoemaker,1.2300000000000004,,405.6,($0.2),164511.36000000002,4.371104663485223,-3.1411046634852227
Brent Suter,0.45999999999999996,,588.1,$2.0,345861.61000000004,3.723142368057328,-3.263142368057328
Mike Tauchman,0.18307297249865284,,558.8,($7.9),312257.43999999994,3.5013396672033648,-3.318266694704712
Matt Beaty,0.392301391165159,,589.1,($7.8),347038.81000000006,3.7329118533415238,-3.3406104621763646
Cameron Maybin,0.11855902720532674,,551.7,($8.9),304372.8900000001,3.4663519901831372,-3.3477929629778105
Jose Urquidy,4.46,,274.2,$3.3,75185.64,7.831650303442199,-3.371650303442199
Rowan Wick,0.16999999999999993,,568.8,($0.3),323533.43999999994,3.5630306946873143,-3.3930306946873143
Will Harris,0.04999999999999982,,548.4,$1.4,300742.56,3.4525813445635114,-3.4025813445635116
Ryan Brasier,0.3200000000000003,,593,$1.4,351649,3.7724000094631664,-3.452400009463166
Eric Thames,1.1365305023814751,,389.3,($8.5),151554.49000000002,4.664195677707861,-3.5276651753263857
Stephen Vogt,-7.453800123802812e-4,,563.7,($0.5),317757.69000000006,3.529754287614663,-3.5304996676270433
Taijuan Walker,-0.1200000000000001,,547.4,($4.4),299646.75999999995,3.4487205515860486,-3.5687205515860487
Eric Sogard,0.10240919037167862,,582.7,($10.9),339539.29000000004,3.672895801160522,-3.5704866107888433
Michael Feliz,0.2400000000000002,,598.7,($1.3),358441.69000000006,3.83408550333678,-3.59408550333678
Justus Sheffield,-0.019999999999999574,,470,($2.0),220900,3.590372943042742,-3.6103729430427416
Emmanuel Clase,0.17999999999999972,,596.4,$2.4,355692.95999999996,3.808627224501704,-3.628627224501704
Kyle Higashioka,0.11893737469988652,,596.8,$0.3,356170.23999999993,3.8129995841038684,-3.694062209403982
Yoenis Cespedes,4.8154645931330995,,255.6,($1.8),65331.36,8.524020747284865,-3.7085561541517658
Leury Garcia,-0.13843468152112093,,570.8,($12.1),325812.63999999996,3.577111020765942,-3.715545702287063
Jose Martinez,-0.26724921752070163,,554.9,($8.2),307914.00999999995,3.481215181348854,-3.7484643988695554
Kenley Jansen,13.35,,86.3,$7.6,7447.69,17.135223114346818,-3.7852231143468185
Nick Wittgren,-0.11000000000000032,,591.9,($0.2),350345.61,3.7610387522618804,-3.8710387522618808
J.A. Happ,2.04,,335,$0.2,112225,5.918839632827902,-3.8788396328279022
Daniel Norris,-0.08999999999999986,,596.4,$1.3,355692.95999999996,3.808627224501704,-3.8986272245017037
Aledmys Diaz,-0.18818403369129244,,590,($11.6),348100,3.741828516188751,-3.9300125498800433
Johan Camargo,-0.37542028684256595,,573.7,($12.2),329131.69000000006,3.5985589741411177,-3.9739792609836835
Andrew Miller,-0.5300000000000002,,560.5,($0.6),314160.25,3.5108029201502315,-4.040802920150232
Zack Wheeler,9.1,,154.5,$10.5,23870.25,13.165829476760457,-4.065829476760458
Albert Almora Jr.,-0.2886188007647529,,598.8,($8.9),358561.43999999994,3.835209806231079,-4.123828606995832
Adam Ottavino,-0.79,,529.4,($1.4),280264.36,3.404051496282989,-4.194051496282989
David Robertson,-0.4299999999999997,,594.7,$1.3,353668.09,3.790303836629038,-4.2203038366290375
Brendan McKay,-0.4400000000000004,,446,$1.5,198916,3.810947192198265,-4.250947192198265
Ty Buttrey,-0.6799999999999997,,573.1,$1.0,328443.61000000004,3.5940212946127987,-4.2740212946127984
Michael Wacha,-0.6399999999999997,,582.2,($3.4),338956.84,3.6684574769175207,-4.30845747691752
Johnny Cueto,1.65,,330.8,($0.3),109428.64000000001,6.033718876105912,-4.383718876105911
Matt Strahm,-0.71,,588.2,$1.7,345979.24000000005,3.7241127836335624,-4.434112783633562
Amed Rosario,9.581185427798523,,138.7,($0.8),19237.689999999995,14.025327717214065,-4.444142289415542
Kurt Suzuki,1.0403368488934768,,350.8,$1.0,123060.64000000001,5.509612781490546,-4.4692759325970695
Dellin Betances,-0.25,,407.3,$0.6,165893.29,4.342758092737591,-4.592758092737591
Joakim Soria,-1.0700000000000003,,595.1,$0.5,354144.01,3.7945774760649025,-4.864577476064903
Steven Matz,1.9100000000000001,,301.2,$1.8,90721.43999999999,6.915967219196315,-5.0059672191963145
Luis Severino,6.13,,194.4,$8.7,37791.36,11.156646970029993,-5.026646970029993
Anthony DeSclafani,3.62,,252.4,$3.4,63705.76,8.648202006824276,-5.028202006824276
Austin Romine,-0.7128349589275957,,406.9,($1.0),165567.61,4.349390128144036,-5.062225087071632
Daniel Murphy,3.8134065899248015,,245.5,($5.4),60270.25,8.921026530345644,-5.107619940420843
Corey Knebel,0.6699999999999999,,339.7,$1.6,115396.09,5.793320660157083,-5.123320660157083
Blake Treinen,-0.7699999999999996,,404.6,$1.0,163701.16000000003,4.387975105431642,-5.157975105431642
Adam Wainwright,-1.75,,532.4,($4.9),283449.75999999995,3.40822986274255,-5.15822986274255
Oscar Mercado,9.618823390320834,,125.1,$1.0,15650.009999999998,14.794172716371357,-5.175349326050522
Zack Britton,1.83,,298,$2.2,88804,7.01896429246057,-5.18896429246057
David Dahl,8.210055855977691,,149.5,$1.0,22350.25,13.433902819518917,-5.2238469635412255
A.J. Puk,2.39,,279.7,$4.4,78232.09,7.636538694479048,-5.246538694479048
Carlos Rodon,-1.6100000000000003,,579.3,($4.2),335588.48999999993,3.643430917513821,-5.253430917513821
Darwinzon Hernandez,-1.4400000000000004,,597.3,($1.0),356767.2899999999,3.818497698367487,-5.258497698367488
Keynan Middleton,-1.5099999999999998,,594.5,($0.3),353430.25,3.7881757275140178,-5.2981757275140176
Jorge Mateo,-1.6808068358329753,,577.3,($14.3),333275.2899999999,3.626882587277589,-5.307689423110564
Lewis Brinson,-1.5689774795267233,,590.4,($9.8),348572.16,3.745829223400124,-5.314806702926847
Marcus Stroman,4.09,,233.3,$4.1,54428.89000000001,9.420326458842736,-5.330326458842736
Daniel Ponce de Leon,-1.7699999999999996,,570.7,($3.1),325698.49000000005,3.5763932126740707,-5.34639321267407
Alex Young,-1.5499999999999998,,597.2,($0.4),356647.84,3.8173951719804595,-5.367395171980459
Pablo Sandoval,-1.566144756744946,,596.7,($12.8),356050.8900000001,3.811904316552603,-5.378049073297549
Trent Thornton,-1.62,,591.7,($3.3),350108.8900000001,3.7589919421073397,-5.37899194210734
Magneuris Sierra,-1.6044925729462016,,595.7,($11.6),354858.49000000005,3.8010314882332437,-5.405524061179445
Collin McHugh,-1.6900000000000004,,591.3,($1.4),349635.68999999994,3.7549157430040845,-5.444915743004085
Tyler Heineman,-1.6601591840344496,,597.4,($3.0),356886.75999999995,3.819601676521668,-5.479760860556118
Eduardo Rodriguez,6.78,,171.6,$6.7,29446.559999999998,12.276450510738297,-5.496450510738296
Robert Stephenson,-1.6900000000000004,,597,($2.8),356409,3.815194474507864,-5.5051944745078645
Michael King,-1.6799999999999997,,598,($3.6),357604,3.8262560325569215,-5.506256032556921
Jakob Junis,-1.9100000000000001,,581.1,($2.7),337677.21,3.658820919092256,-5.568820919092256
Curt Casali,-1.750139014174922,,597.6,($3.0),357125.76,3.82181398813148,-5.571953002306402
Steven Souza Jr.,-1.9205208639826001,,582.2,($10.4),338956.84,3.6684574769175224,-5.588978340900122
Cole Tucker,-1.780307949784731,,597.7,($11.0),357245.29000000004,3.8229223215871158,-5.603230271371847
Joey Bart,-2.14992234613929,,553.3,($3.3),306140.88999999996,3.473597759570601,-5.623520105709891
Billy Hamilton,-1.9734581439160988,,580.9,($11.8),337444.81,3.657087690642453,-5.630545834558552
Sandy Alcantara,2.07,,277.7,($0.7),77117.29,7.706980251962614,-5.636980251962614
Austin Hedges,-1.9048083479819866,,592.2,($2.5),350700.84,3.76411985574732,-5.6689282037293065
Willson Contreras,9.813574151654597,,113.3,$12.1,12836.89,15.483015001114214,-5.669440849459617
Michael Lorenzen,-2.38,,538.6,($6.6),290089.96,3.4210055933418193,-5.801005593341819
Shaun Anderson,-2.2300000000000004,,586.2,($3.6),343630.44000000006,3.704980307867607,-5.934980307867607
Austin Barnes,-2.2444868125503445,,586.6,($3.0),344099.56,3.708760346471945,-5.95324715902229
Giovanny Gallegos,4.5,,209.4,$4.1,43848.36,10.461091713046782,-5.961091713046782
Roberto Perez,1.306646351386853,,290,$1.2,84100,7.282960892460075,-5.976314541073222
Jason Castro,-1.3564122021013976,,390.7,($1.6),152646.49,4.637508023224537,-5.993920225325935
Miles Mikolas,1.73,,275.3,$2.2,75790.09000000001,7.792276653998897,-6.062276653998897
Nick Pivetta,-2.4299999999999997,,581.1,($6.5),337677.21,3.658820919092256,-6.088820919092256
Alex Avila,-2.418465461140814,,596.9,($2.6),356289.61,3.814096303422292,-6.232561764563106
Wade Miley,-2.789999999999999,,548.8,($7.4),301181.43999999994,3.4541663112347374,-6.2441663112347365
Robbie Ray,7.02,,152.6,$3.9,23286.76,13.267269801582547,-6.247269801582547
Alec Mills,-2.59,,582.1,($6.5),338840.41000000003,3.667574167370378,-6.257574167370378
Derek Fisher,-2.4248590432489667,,598.6,($10.7),358321.96,3.832962652209628,-6.257821695458595
Kyle Wright,-2.869999999999999,,511.6,($4.0),261734.56000000003,3.4061349687987343,-6.276134968798734
Jeurys Familia,-2.45,,598.1,($1.6),357723.61000000004,3.827370173081163,-6.277370173081163
Joe Ross,-2.8000000000000007,,557,($5.9),310249,3.4917770589711825,-6.291777058971183
Brett Anderson,-2.5500000000000007,,591.6,($4.0),349990.56000000006,3.757970714680801,-6.307970714680802
Jake Odorizzi,5.62,,178,$4.3,31684,11.95450081828262,-6.33450081828262
Carson Kelly,4.181573544577541,,207.7,$5.4,43139.28999999999,10.538280086073406,-6.356706541495866
Mike Ford,-2.578819658998956,,594,($13.4),352836,3.782880860651609,-6.361700519650565
Sean Manaea,5.390000000000001,,181.9,$6.2,33087.61,11.761228598766294,-6.371228598766294
Daniel Hudson,1.6800000000000002,,267.3,$0.2,71449.29000000001,8.082637345470225,-6.402637345470225
Charlie Morton,13.27,,47.7,$16.5,2275.2900000000004,19.681074122859776,-6.411074122859777
Austin Voth,-1.5199999999999996,,372,($0.6),138384,5.017461896239961,-6.537461896239961
Wander Suero,-2.75,,597.5,($2.2),357006.25,3.820707106442999,-6.570707106442999
Matthew Boyd,6.72,,152,$5.9,23104,13.299412470904834,-6.579412470904834
Tyler Flowers,-2.965480046046636,,579.8,($3.2),336168.0399999999,3.6476587355198484,-6.613138781566485
Anthony Bass,-2.8200000000000003,,597.6,($1.8),357125.76,3.8218139881314803,-6.641813988131481
Buck Farmer,-2.8599999999999994,,596.4,($3.6),355692.95999999996,3.808627224501704,-6.668627224501703
Logan Allen,-2.8499999999999996,,598.5,($2.9),358202.25,3.8318412528496326,-6.681841252849632
Ehire Adrianza,-2.9399578984448596,,596,($14.6),355216,3.80427809317396,-6.74423599161882
Trevor Gott,-2.9499999999999993,,597.4,($1.7),356886.75999999995,3.8196016765216676,-6.769601676521667
Tony Wolters,-3.239660139453976,,574.2,($4.4),329705.6400000001,3.602380297344717,-6.842040436798693
Cole Hamels,-3,,441.8,($6.0),195187.24000000002,3.8581450508718564,-6.858145050871856
Shane Greene,-3.3000000000000007,,571.4,($2.9),326497.95999999996,3.581448356427347,-6.881448356427348
Seth Brown,-3.07040881769261,,597.7,($13.4),357245.29000000004,3.822922321587116,-6.893331139279726
Tim Lopes,-3.1221205131341128,,594,($12.9),352836,3.7828808606516082,-6.905001373785721
Chad Kuhl,-3.119999999999999,,596.7,($7.4),356050.8900000001,3.811904316552604,-6.931904316552603
James Paxton,9.19,,102.5,$10.2,10506.25,16.131198187365655,-6.941198187365655
Martin Perez,-3.4000000000000004,,571.5,($6.7),326612.25,3.5821763268892806,-6.982176326889281
Matt Andriese,-3.1799999999999997,,598.8,($4.7),358561.43999999994,3.835209806231078,-7.015209806231078
Wilson Ramos,5.087859267065248,,174.7,$6.4,30520.089999999997,12.119763549557067,-7.031904282491819
Mychal Givens,-0.45999999999999996,,312.1,($0.4),97406.41000000002,6.576289543065887,-7.036289543065887
Alex Cobb,-3.2799999999999994,,595.9,($7.6),355096.81,3.8031944397599053,-7.083194439759905
Blake Parker,-3.3599999999999994,,589,($2.9),346921,3.7319283718609197,-7.091928371860919
Aaron Civale,2.19,,236.3,$0.8,55837.69,9.295544349231715,-7.105544349231716
Shun Yamaguchi,-3.289999999999999,,598.3,($3.4),357962.88999999996,3.829602809431095,-7.119602809431094
Ronald Guzman,-3.308653005405647,,598.1,($13.8),357723.61000000004,3.827370173081162,-7.136023178486809
Lane Thomas,-3.356270576749111,,595.5,($12.1),354620.25,3.798874343775191,-7.155144920524302
Sergio Romo,-3.58,,573.2,($3.6),328558.24000000005,3.5947739451163043,-7.174773945116304
Brad Keller,-3.5600000000000005,,576.6,($7.7),332467.56,3.621227863690728,-7.1812278636907285
Homer Bailey,-3.789999999999999,,514.7,($6.5),264916.09,3.4024642653889767,-7.192464265388976
Gio Gonzalez,-3.67,,569.9,($7.2),324786.00999999995,3.5707030115565574,-7.240703011556557
Eric Lauer,-3.51,,590.8,($7.0),349044.63999999996,3.7498531588859274,-7.259853158885927
Tanner Roark,-3.6999999999999993,,572.6,($8.1),327870.76,3.5902798186025313,-7.290279818602531
Corey Kluber,9.51,,91.4,$12.4,8353.960000000001,16.81503196596737,-7.3050319659673715
Garrett Richards,1.7999999999999998,,237.8,($0.6),56548.840000000004,9.233643265839845,-7.433643265839845
Chase Anderson,-3.74,,586.9,($7.7),344451.61,3.7116106189802958,-7.451610618980296
Randy Dobnak,-3.75,,590.2,($7.1),348336.04000000004,3.7438259662601334,-7.493825966260133
Ryan Helsley,-1.7300000000000004,,340.1,($2.2),115668.01000000001,5.782786274647319,-7.512786274647319
Mike Leake,-3.7699999999999996,,598.5,($6.2),358202.25,3.8318412528496326,-7.601841252849632
Robinson Chirinos,-2.1619263684701853,,353.4,($2.5),124891.55999999998,5.4457442810817485,-7.607670649551934
Jon Lester,-4.24,,524.8,($8.2),275415.04,3.400182356692535,-7.640182356692535
Jose Alvarez,-3.83,,598.7,($3.0),358441.69000000006,3.834085503336781,-7.664085503336781
Reynaldo Lopez,-1.9800000000000004,,342.2,($4.0),117100.84,5.7278618395983445,-7.707861839598345
Dylan Cease,0.3099999999999996,,268.1,($3.1),71877.61000000002,8.053183167383448,-7.743183167383449
Reese McGuire,-4.101795405334112,,582.9,($4.8),339772.41,3.6746812932277875,-7.7764766985619
Adam Plutko,-4.01,,598.1,($4.6),357723.61000000004,3.827370173081163,-7.837370173081163
Tyler Beede,-4.050000000000001,,595.6,($3.5),354739.36000000004,3.799952190120643,-7.849952190120644
Matt Wieters,-4.091723787347702,,597.2,($4.5),356647.84,3.8173951719804604,-7.909118959328162
Ryan O'Hearn,-4.239662401422879,,591.2,($14.6),349517.44000000006,3.7539003226461496,-7.993562724069029
Ryan McBroom,-4.170076853667991,,598.5,($12.9),358202.25,3.83184125284963,-8.001918106517621
Pedro Baez,-4.4399999999999995,,582.6,($5.0),339422.76,3.6720052327776163,-8.112005232777616
Ryan Yarbrough,1.38,,231.2,$0.2,53453.439999999995,9.508451356880094,-8.128451356880095
Jorge Alfaro,1.920843638513706,,218.3,$1.1,47654.89000000001,10.063835863443527,-8.142992224929822
Trevor Williams,-4.4,,591,($8.2),349281,3.7518738372317326,-8.151873837231733
Jake Arrieta,-4.76,,541.1,($8.7),292789.21,3.427735894393008,-8.187735894393008
Jairo Diaz,-4.57,,583.1,($4.0),340005.61000000004,3.6764725923636554,-8.246472592363656
Franklin Barreto,-4.64482808920637,,577.2,($16.2),333159.84,3.626070414320865,-8.270898503527235
Steve Cishek,-4.630000000000001,,589.7,($4.4),347746.09,3.7388432293353056,-8.368843229335306
Ross Stripling,2.34,,203.6,$0.5,41452.96,10.72616643098667,-8.38616643098667
Jorge Lopez,-4.779999999999999,,597.3,($5.4),356767.2899999999,3.818497698367487,-8.598497698367487
Caleb Smith,0.20999999999999996,,245.5,($3.6),60270.25,8.921026530345642,-8.711026530345642
Pedro Strop,-4.93,,596.9,($4.9),356289.61,3.8140963034222892,-8.744096303422289
Yoshihisa Hirano,-5.3100000000000005,,550.4,($5.2),302940.16,3.4607384606638867,-8.770738460663887
Luke Weaver,2.37,,194.6,$1.4,37869.159999999996,11.147158038398459,-8.777158038398458
Kyle Crick,-4.99,,447.7,($7.4),200435.28999999998,3.7925713582473524,-8.782571358247353
Garrett Hampson,3.2625409344677316,,175.1,($10.0),30660.01,12.099647500847194,-8.837106566379463
Mike Minor,3.52,,168.6,$2.2,28425.96,12.429411420760552,-8.909411420760552
Tom Murphy,-0.69353220099891,,259.8,($1.0),67496.04000000001,8.363288890292868,-9.056821091291777
Jon Gray,-1.5599999999999996,,281.4,($5.8),79185.95999999999,7.577119951387178,-9.137119951387177
Gary Sanchez,7.99544910726228,,84.1,$10.1,7072.8099999999995,17.274510555219457,-9.279061447957178
Mitch Keller,0.05999999999999961,,233.1,($2.8),54335.61,9.428691722698986,-9.368691722698987
Ivan Nova,-5.66,,597.1,($8.5),356528.41000000003,3.8162940973605863,-9.476294097360586
Joey Lucchesi,-1.6500000000000004,,273,($1.9),74529,7.874803719429073,-9.524803719429073
Alex Wood,0.05999999999999961,,229,($0.6),52441,9.601459364496193,-9.541459364496195
Mitch Garver,5.961168149955409,,112.1,$7.4,12566.409999999998,15.554199137262872,-9.593030987307463
Jose Peraza,-2.574865591310113,,298,($16.2),88804,7.01896429246057,-9.593829883770683
Adrian Houser,-0.3200000000000003,,229,($2.8),52441,9.601459364496195,-9.921459364496195
Zack Greinke,8.76,,60.6,$10.3,3672.36,18.80619341219009,-10.04619341219009
Tony Watson,-4.140000000000001,,333.9,($4.3),111489.20999999999,5.948679527387091,-10.088679527387091
Edwin Encarnacion,2.442599697261813,,162.2,($4.3),26308.839999999997,12.760094944399846,-10.317495247138034
Jonathan Villar,9.71671075015776,,41.4,($3.0),1713.9599999999998,20.117121734407668,-10.400410984249907
Keone Kela,-0.2999999999999998,,216.1,$1.4,46699.21,10.160963986235672,-10.460963986235672
Omar Narvaez,1.007126053645163,,187.9,$1.2,35306.41,11.468198471027382,-10.46107241738222
Francisco Mejia,-1.2471245539825073,,236.3,($1.6),55837.69,9.295544349231715,-10.542668903214222
Joe Jimenez,1.3899999999999997,,176.1,($0.2),31011.21,12.04945900277312,-10.659459002773119
Miguel Andujar,-3.716942543240222,,285.6,($15.6),81567.36000000002,7.43211944324918,-11.149061986489402
Rich Hill,0.040000000000000036,,179.4,($1.9),32184.36,11.884866987922678,-11.844866987922678
Stephen Strasburg,9.07,,27.6,$11.4,761.7600000000001,21.092408204041927,-12.022408204041927
Danny Santana,1.117894875313724,,139.4,($7.5),19432.36,13.986481422305015,-12.868586546991292
Shohei Ohtani,1.2400000000000002,,130.5,$14.9,17030.25,14.485681813055995,-13.245681813055995
Shohei Ohtani,1.2400000000000002,,130.5,$0.6,17030.25,14.485681813055995,-13.245681813055995
Brandon Kintzler,-4.949999999999999,,256.5,($5.1),65792.25,8.489362619078863,-13.439362619078862
Ian Kennedy,-2.3899999999999997,,183.3,($1.2),33598.89000000001,11.692387433271087,-14.082387433271087
Carlos Martinez,-1.8099999999999996,,161.3,($5.6),26017.690000000002,12.807074220420898,-14.617074220420896
Mark Melancon,-3.1799999999999997,,173.7,($2.2),30171.689999999995,12.17015529503236,-15.35015529503236
Mike Foltynewicz,-5.35,,217.5,($8.5),47306.25,10.099073881862001,-15.449073881862
Sean Doolittle,-3.8900000000000006,,176.4,($3.5),31116.960000000003,12.03443076281035,-15.924430762810351
Brandon Workman,-2.04,,133.2,($1.6),17742.239999999998,14.333023868778525,-16.373023868778525
Archie Bradley,-2.76,,143.2,($2.1),20506.239999999998,13.776842796570458,-16.536842796570458
Kirby Yates,1.46,,60,$4.0,3600,18.846349836188846,-17.386349836188845
