Name,Team,position,playerid,IP,ERA,WHIP,SV,W,K,marginal_total_points,dollar_value,status,auction_value,NFBC_ADP,salary
Gerrit Cole,NYY,pitcher,13125,195.5,3.17,1.04,0,15,259,15.93,28.50999999999999,drafted,43.497545197354746,5.54,38
Max Scherzer,NYM,pitcher,3137,181.5,3.29,1.05,0,13,233,13.58,24.20999999999999,drafted,36.93705960112095,17.85,37
Jacob deGrom,NYM,pitcher,10954,148,2.48,0.93,0,11,213,13.57,24.199999999999992,drafted,36.9218026578739,23.15,32
Corbin Burnes,MIL,pitcher,19361,172,3.11,1.07,0,12,221,12.63,22.47999999999999,drafted,34.297608419380374,8.38,6
Shane Bieber,CLE,pitcher,19427,181.5,3.3,1.11,0,12,224,12.21,21.70999999999999,drafted,33.12282378935711,30.62,22
Zack Wheeler,PHI,pitcher,10310,202.5,3.49,1.14,0,13,208,11.95,21.22999999999999,drafted,32.39049051349846,20.08,28
Robbie Ray,SEA,pitcher,11486,187.5,3.62,1.15,0,12,244,11.83,21.00999999999999,drafted,32.054837762063244,48.46,15
Brandon Woodruff,MIL,pitcher,16162,181,3.48,1.13,0,12,205,11.03,19.55999999999999,drafted,29.842580991240222,17.77,15
Walker Buehler,LAD,pitcher,19374,193.5,3.79,1.17,0,13,201,10.45,18.48999999999999,drafted,28.2100880638053,18.08,20
Aaron Nola,PHI,pitcher,16149,186.5,3.76,1.16,0,12,211,10.42,18.43999999999999,drafted,28.133803347570023,34.38,36
Liam Hendriks,CHW,pitcher,3548,68,2.8,0.95,30,5,100,10.32,18.249999999999993,drafted,27.843921425875976,25.62,29
Justin Verlander,NA,pitcher,8700,157.5,3.61,1.07,0,12,188,10.25,18.129999999999992,drafted,27.66083810691131,NA,12
Josh Hader,MIL,pitcher,14212,66,2.7,1,31,4,107,10.16,17.95999999999999,drafted,27.401470071711366,26.92,17
Kevin Gausman,TOR,pitcher,14107,183,3.81,1.17,0,13,200,10.13,17.89999999999999,drafted,27.309928412229034,73.15,8
Lucas Giolito,CHW,pitcher,15474,180.5,3.82,1.17,0,12,208,9.94,17.569999999999993,drafted,26.806449285076212,41.38,19
José Berríos,TOR,pitcher,14168,193,3.9,1.21,0,13,198,9.59,16.91999999999999,drafted,25.814747974017614,79.23,22
Raisel Iglesias,LAA,pitcher,17130,66.5,3.16,1.06,32,5,88,9.58,16.909999999999993,drafted,25.79949103077056,36,26
Sandy Alcantara,MIA,pitcher,18684,195.5,3.69,1.21,0,12,188,9.46,16.679999999999993,drafted,25.448581336088285,37.31,30
Joe Musgrove,SDP,pitcher,12970,178.5,3.75,1.18,0,12,190,9.38,16.539999999999992,drafted,25.23498413062951,71.77,17
Edwin Díaz,NYM,pitcher,14710,66.5,3.14,1.1,32,4,96,9.31,16.409999999999993,drafted,25.036643868417794,48.08,27
Frankie Montas,OAK,pitcher,14309,177.5,3.65,1.2,0,12,189,9.28,16.359999999999992,drafted,24.960359152182516,85.85,10
Chris Sale,BOS,pitcher,10603,152.5,3.55,1.13,0,11,188,9.22,16.249999999999993,drafted,24.792532776464906,51.31,24
Aroldis Chapman,NYY,pitcher,10233,62.5,2.98,1.18,32,4,98,8.99,15.829999999999995,drafted,24.151741160088587,59.69,24
Charlie Morton,ATL,pitcher,4676,164,3.62,1.19,0,12,182,8.93,15.709999999999996,drafted,23.968657841123925,95.31,26
Max Fried,ATL,pitcher,13743,180.5,3.62,1.23,0,13,173,8.91,15.689999999999998,drafted,23.938143954629815,64.77,18
Lance Lynn,CHW,pitcher,2520,181,3.91,1.21,0,12,194,8.87,15.61,drafted,23.816088408653375,67.69,10
Ryan Pressly,HOU,pitcher,7005,64.5,3.03,1.11,32,4,77,8.72,15.330000000000002,drafted,23.38889399773583,46.85,8
Eduardo Rodriguez,DET,pitcher,13164,181.5,3.76,1.25,0,12,190,8.57,15.050000000000002,drafted,22.961699586818284,150.77,16
Sean Manaea,OAK,pitcher,15873,172,3.69,1.17,0,11,171,8.56,15.050000000000002,drafted,22.961699586818284,133.15,14
Emmanuel Clase,CLE,pitcher,21032,66.5,2.74,1.12,30,4,78,8.53,14.990000000000002,drafted,22.87015792733595,43.54,6
Yu Darvish,SDP,pitcher,13074,168,4.01,1.17,0,11,188,8.37,14.700000000000003,drafted,22.427706573171346,93.38,19
Logan Webb,SFG,pitcher,17995,175,3.51,1.23,0,11,170,8.24,14.450000000000003,drafted,22.046282991994964,66.38,13
Luis Castillo,CIN,pitcher,15689,189,3.95,1.3,0,13,196,8.19,14.360000000000003,drafted,21.908970502771464,93.38,22
Julio Urías,LAD,pitcher,14765,167.5,3.87,1.19,0,12,168,8.14,14.280000000000003,drafted,21.786914956795023,33.38,17
Nathan Eovaldi,BOS,pitcher,9132,173,3.89,1.2,0,11,177,8.03,14.070000000000002,drafted,21.46651914860686,118.92,9
Jack Flaherty,STL,pitcher,17479,164,3.82,1.2,0,11,175,7.91,13.850000000000001,drafted,21.13086639717164,79.46,16
Dylan Cease,CHW,pitcher,18525,165,3.94,1.26,0,11,201,7.8,13.650000000000002,drafted,20.825727532230534,70.92,10
Jordan Romano,TOR,pitcher,16122,65.5,3.29,1.17,27,5,84,7.71,13.490000000000002,drafted,20.58161644027765,72.46,6
Carlos Rodón,NA,pitcher,16137,139.5,3.64,1.16,0,10,172,7.61,13.300000000000002,drafted,20.2917345185836,138.77,14
Freddy Peralta,MIL,pitcher,18679,150,3.9,1.2,0,10,190,7.58,13.240000000000002,drafted,20.200192859101264,47.08,14
Will Smith (P),ATL,pitcher,8048,67.5,3.89,1.22,31,4,81,7.57,13.240000000000002,drafted,20.200192859101264,64.15,12
Will Smith (P),ATL,pitcher,8048,67.5,3.89,1.22,31,4,81,7.57,13.240000000000002,drafted,20.200192859101264,67.15,12
Will Smith (P),ATL,pitcher,8048,67.5,3.89,1.22,31,4,81,7.57,13.240000000000002,drafted,20.200192859101264,64.15,12
Will Smith (P),ATL,pitcher,8048,67.5,3.89,1.22,31,4,81,7.57,13.240000000000002,drafted,20.200192859101264,67.15,12
Chris Bassitt,OAK,pitcher,12304,173.5,3.87,1.2,0,10,164,7.36,12.850000000000001,drafted,19.605172072466107,132.08,9
Trevor Rogers,MIA,pitcher,22286,151.5,3.58,1.22,0,10,168,7.29,12.710000000000003,drafted,19.391574867007336,84.85,7
Shane McClanahan,TBR,pitcher,21483,148,3.67,1.23,0,11,163,7.15,12.470000000000002,drafted,19.025408229078007,NA,6
Giovanny Gallegos,STL,pitcher,14986,69.5,3.48,1.11,25,4,82,7.12,12.400000000000002,drafted,18.91860962634862,82.54,11
Shohei Ohtani,LAA,pitcher,19755,148.5,3.65,1.2,0,9,173,7.11,12.400000000000002,drafted,18.91860962634862,11.23,28
Framber Valdez,HOU,pitcher,17295,180.5,3.68,1.34,0,12,168,6.95,12.110000000000003,drafted,18.476158272184016,142.92,11
Blake Treinen,LAD,pitcher,12572,68.5,3.49,1.23,26,5,75,6.88,11.970000000000002,drafted,18.26256106672524,145.92,11
Blake Snell,SDP,pitcher,13543,148.5,3.77,1.26,0,10,180,6.85,11.920000000000002,drafted,18.186276350489962,109.08,18
Clayton Kershaw,NA,pitcher,2036,136,3.61,1.15,0,10,142,6.78,11.780000000000003,drafted,17.97267914503119,178.23,20
Alek Manoah,TOR,pitcher,26410,148.5,3.93,1.21,0,10,166,6.69,11.630000000000003,drafted,17.74382499632536,NA,11
Hyun Jin Ryu,TOR,pitcher,14444,167.5,4,1.24,0,12,145,6.66,11.570000000000002,drafted,17.652283336843027,203.08,12
Pablo López,MIA,pitcher,17085,150,3.71,1.19,0,9,149,6.45,11.180000000000001,drafted,17.057262550207867,141.92,8
Taylor Rogers,MIN,pitcher,13449,63,3.04,1.11,22,4,79,6.45,11.180000000000001,drafted,17.057262550207867,162.77,10
Lance McCullers Jr.,HOU,pitcher,14120,149,3.64,1.28,0,10,162,6.34,10.990000000000002,drafted,16.767380628513816,176.23,10
Tarik Skubal,DET,pitcher,22267,156.5,4.14,1.25,0,10,170,6.18,10.690000000000001,drafted,16.309672331102156,183,6
John Means,BAL,pitcher,16269,163.5,4.25,1.19,0,10,149,6.14,10.620000000000003,drafted,16.20287372837277,222.38,9
Zac Gallen,ARI,pitcher,19291,169.5,4.2,1.29,0,10,181,6.12,10.580000000000002,drafted,16.141845955384547,126.38,13
Lucas Sims,CIN,pitcher,13470,63,3.81,1.22,23,4,87,5.9,10.190000000000001,drafted,15.546825168749388,197.31,6
Scott Barlow,KCR,pitcher,14993,67,3.67,1.27,24,4,79,5.85,10.090000000000002,drafted,15.394255736278835,148.69,6
Jordan Montgomery,NYY,pitcher,16511,158,4.05,1.27,0,10,159,5.82,10.030000000000003,drafted,15.302714076796505,201.15,14
Mike Clevinger,SDP,pitcher,12808,131,3.68,1.2,0,9,144,5.81,10.020000000000001,drafted,15.287457133549447,NA,13
Alex Wood,SFG,pitcher,13781,152,3.86,1.25,0,9,150,5.65,9.730000000000002,drafted,14.845005779384843,216.23,10
Luis Garcia (P),HOU,pitcher,23735,151,4.12,1.28,2,9,159,5.61,9.660000000000002,drafted,14.738207176655456,145.15,6
Luis Garcia (P),HOU,pitcher,23735,151,4.12,1.28,2,9,159,5.61,9.660000000000002,drafted,14.738207176655456,477.46,6
Luis Garcia (P),HOU,pitcher,23735,151,4.12,1.28,2,9,159,5.61,9.660000000000002,drafted,14.738207176655456,636.85,6
Luis Garcia (P),HOU,pitcher,23735,151,4.12,1.28,2,9,159,5.61,9.660000000000002,drafted,14.738207176655456,145.15,6
Luis Garcia (P),HOU,pitcher,23735,151,4.12,1.28,2,9,159,5.61,9.660000000000002,drafted,14.738207176655456,477.46,6
Luis Garcia (P),HOU,pitcher,23735,151,4.12,1.28,2,9,159,5.61,9.660000000000002,drafted,14.738207176655456,636.85,6
Jon Gray,TEX,pitcher,14916,168.5,4.21,1.3,0,10,168,5.59,9.620000000000003,drafted,14.677179403667235,246.92,6
Garrett Whitlock,BOS,pitcher,20191,73.5,3.66,1.24,20,5,76,5.48,9.410000000000002,drafted,14.356783595479072,NA,6
Adam Wainwright,STL,pitcher,2233,180,4.21,1.29,0,11,143,5.45,9.350000000000001,drafted,14.26524193599674,216.62,13
Tyler Mahle,CIN,pitcher,16358,168,4.42,1.31,0,10,180,5.44,9.340000000000002,drafted,14.249984992749685,130,7
Marcus Stroman,CHC,pitcher,13431,179.5,4.13,1.32,0,11,145,5.29,9.060000000000002,drafted,13.822790581832136,188.08,15
Michael Kopech,CHW,pitcher,17282,120,3.8,1.21,0,8,151,5.18,8.870000000000003,drafted,13.532908660138085,161.23,7
Sonny Gray,CIN,pitcher,12768,158.5,4.26,1.32,0,10,167,5.16,8.820000000000002,drafted,13.456623943902809,165.15,13
David Bednar,PIT,pitcher,19569,64,3.59,1.21,21,3,75,4.98,8.500000000000002,drafted,12.968401759997038,166.62,9
Andrew Kittredge,TBR,pitcher,12828,65,3.22,1.15,16,5,70,4.93,8.410000000000002,drafted,12.831089270773539,259.38,4
Luis Severino,NYY,pitcher,15890,129,3.92,1.22,0,9,133,4.93,8.400000000000002,drafted,12.815832327526484,182.23,16
Anthony DeSclafani,SFG,pitcher,13050,165,4.32,1.28,0,10,144,4.88,8.320000000000002,drafted,12.693776781550042,220.38,6
Logan Gilbert,SEA,pitcher,22250,137.5,4.17,1.2,0,8,143,4.85,8.270000000000001,drafted,12.617492065314764,NA,6
Shane Baz,TBR,pitcher,22264,112,3.66,1.17,0,8,127,4.79,8.150000000000002,drafted,12.434408746350101,NA,1
Steven Matz,STL,pitcher,13361,154,4.17,1.29,0,10,139,4.76,8.110000000000003,drafted,12.373380973361881,249.23,6
Gregory Soto,DET,pitcher,19677,67.5,3.74,1.36,21,4,80,4.74,8.070000000000002,drafted,12.312353200373659,164.92,6
Ian Anderson,ATL,pitcher,19951,156,4.16,1.35,0,10,156,4.66,7.920000000000002,drafted,12.083499051667827,158.46,6
Mark Melancon,ARI,pitcher,4264,64,4,1.39,27,3,53,4.62,7.840000000000002,drafted,11.961443505691385,116.77,8
Carlos Carrasco,NYM,pitcher,6632,136,4.11,1.26,0,9,139,4.58,7.770000000000001,drafted,11.854644902961997,284.77,5
Germán Márquez,COL,pitcher,15038,187.5,4.66,1.37,0,11,177,4.58,7.770000000000001,drafted,11.854644902961997,280,9
Mike Minor,KCR,pitcher,10021,167,4.42,1.28,0,9,150,4.56,7.730000000000002,drafted,11.793617129973777,432.92,2
Joe Ryan,MIN,pitcher,21390,131,4.26,1.19,0,8,138,4.55,7.720000000000002,drafted,11.778360186726722,NA,1
Camilo Doval,SFG,pitcher,21992,64,3.67,1.35,20,4,78,4.51,7.640000000000002,drafted,11.65630464075028,NA,19
Marco Gonzales,SEA,pitcher,15467,176,4.48,1.29,0,10,138,4.4,7.4300000000000015,drafted,11.335908832562115,324.23,6
Trevor Bauer,LAD,pitcher,12703,108,3.77,1.16,0,7,129,4.35,7.3400000000000025,drafted,11.19859634333862,248.62,6
Patrick Corbin,WSN,pitcher,9323,173,4.48,1.35,0,10,157,4.22,7.110000000000002,drafted,10.847686648656346,397.31,2
Ranger Suárez,PHI,pitcher,17277,143.5,3.95,1.31,0,9,130,4.19,7.0500000000000025,drafted,10.756144989174015,171.23,9
Lou Trivino,OAK,pitcher,15043,66,4.13,1.36,22,4,63,4.17,7.030000000000002,drafted,10.725631102679904,247.46,6
Kyle Finnegan,WSN,pitcher,15009,65.5,4.29,1.41,23,4,66,4.15,6.980000000000002,,10.649346386444627,365.23,NA
Alex Cobb,SFG,pitcher,6562,142.5,4,1.31,0,9,128,4.04,6.780000000000002,drafted,10.34420752150352,228.23,3
Corey Knebel,PHI,pitcher,15010,57.5,3.7,1.21,18,3,73,4.02,6.740000000000002,drafted,10.283179748515298,130.46,7
Stephen Strasburg,WSN,pitcher,10131,133.5,4.24,1.28,0,9,133,4,6.710000000000002,drafted,10.237408918774133,306.92,11
Patrick Sandoval,LAA,pitcher,19447,134,3.95,1.31,0,8,139,3.99,6.690000000000002,drafted,10.206895032280022,195.46,10
Bailey Ober,MIN,pitcher,21224,134.5,4.35,1.24,0,8,134,3.91,6.540000000000002,drafted,9.978040883574192,NA,9
Yusei Kikuchi,SEA,pitcher,20633,148.5,4.27,1.33,0,9,142,3.88,6.490000000000002,drafted,9.901756167338915,322.92,4
Matt Barnes,BOS,pitcher,12863,64,3.68,1.25,12,5,87,3.73,6.220000000000002,drafted,9.489818699668422,261.23,2
Andrew Heaney,LAD,pitcher,15423,125,4.42,1.24,0,8,134,3.69,6.130000000000003,drafted,9.352506210444924,280.31,5
Kenley Jansen,NA,pitcher,3096,65,3.82,1.21,14,4,78,3.68,6.120000000000002,drafted,9.337249267197867,67.54,20
Kyle Gibson,PHI,pitcher,10123,182,4.53,1.39,0,10,157,3.66,6.0900000000000025,drafted,9.291478437456703,367.69,4
Chris Flexen,SEA,pitcher,13896,159,4.35,1.31,0,9,128,3.63,6.040000000000002,drafted,9.215193721221425,392.23,6
Corey Kluber,TBR,pitcher,2429,135,4.15,1.29,0,8,130,3.63,6.030000000000002,drafted,9.19993677797437,354.77,4
Rowan Wick,CHC,pitcher,14646,60,4.14,1.35,21,3,64,3.63,6.030000000000002,drafted,9.19993677797437,289.08,3
Zack Greinke,NA,pitcher,1943,153.5,4.43,1.27,0,9,119,3.61,5.990000000000002,drafted,9.138909004986148,343.62,2
Dylan Floro,MIA,pitcher,13394,65.5,3.8,1.32,18,4,58,3.53,5.860000000000002,drafted,8.94056874277443,208.15,7
Jameson Taillon,NYY,pitcher,11674,142.5,4.52,1.27,0,8,135,3.48,5.7600000000000025,drafted,8.787999310303876,294.69,5
Aaron Civale,CLE,pitcher,19479,158.5,4.6,1.3,0,9,132,3.42,5.650000000000002,drafted,8.620172934586268,280.23,11
José Urquidy,HOU,pitcher,18413,133,4.46,1.22,0,8,117,3.41,5.630000000000003,drafted,8.589659048092157,225.85,8
Pierce Johnson,SDP,pitcher,13435,62,3.79,1.27,16,3,74,3.38,5.570000000000002,,8.498117388609824,412.46,NA
Noah Syndergaard,LAA,pitcher,11762,149,4.4,1.29,0,8,129,3.36,5.540000000000002,drafted,8.452346558868658,238.38,13
Drew Rasmussen,TBR,pitcher,25385,115.5,3.86,1.27,0,7,120,3.29,5.410000000000002,drafted,8.25400629665694,273.46,8
Taijuan Walker,NYM,pitcher,11836,155.5,4.53,1.32,0,8,142,3.26,5.360000000000002,drafted,8.177721580421663,353.69,5
Zach Plesac,CLE,pitcher,19979,162.5,4.64,1.3,0,9,127,3.23,5.3000000000000025,drafted,8.086179920939331,335.62,6
Nick Pivetta,BOS,pitcher,15454,146,4.69,1.36,0,9,152,3.18,5.220000000000002,drafted,7.964124374962888,328.38,6
Kyle Hendricks,CHC,pitcher,12049,179.5,4.73,1.33,0,10,129,3.18,5.210000000000002,drafted,7.948867431715832,285.15,8
Brady Singer,KCR,pitcher,25377,142.5,4.24,1.37,0,9,131,3.17,5.190000000000002,,7.918353545221722,390.23,NA
Casey Mize,DET,pitcher,20492,159,4.44,1.31,0,8,129,3.16,5.180000000000002,drafted,7.903096601974667,276.85,6
Paul Sewald,SEA,pitcher,13892,66,3.71,1.16,9,4,85,3.08,5.020000000000002,drafted,7.658985510021782,NA,3
Joe Barlow,TEX,pitcher,22296,61,4.36,1.41,20,3,66,3.07,5.0100000000000025,drafted,7.643728566774726,NA,8
Tyler Wells,BAL,pitcher,20000,63,4.31,1.21,15,3,71,2.98,4.850000000000002,drafted,7.399617474821841,NA,3
Cal Quantrill,CLE,pitcher,19312,157,4.51,1.35,0,9,130,2.97,4.830000000000002,drafted,7.36910358832773,277.54,8
Michael Pineda,NA,pitcher,5372,147.5,4.61,1.3,0,9,119,2.95,4.8000000000000025,,7.323332758586564,404.69,NA
Nick Martínez,NA,pitcher,12730,119,4,1.27,0,7,111,2.9,4.700000000000002,,7.170763326116011,NA,NA
Triston McKenzie,CLE,pitcher,18000,126,4.55,1.3,0,7,140,2.84,4.5900000000000025,drafted,7.002936950398403,226.92,8
Craig Kimbrel,CHW,pitcher,6655,63,3.59,1.18,7,4,93,2.78,4.470000000000002,drafted,6.819853631433738,112.46,13
Pete Fairbanks,TBR,pitcher,17998,61.5,3.48,1.23,8,5,77,2.7,4.3400000000000025,,6.621513369222019,527.69,NA
Pete Fairbanks,TBR,pitcher,17998,61.5,3.48,1.23,8,5,77,2.7,4.3400000000000025,,6.621513369222019,NA,NA
Huascar Ynoa,ATL,pitcher,20468,118,4.21,1.3,0,7,122,2.7,4.330000000000002,drafted,6.606256425974963,240.92,13
Dane Dunning,TEX,pitcher,19409,137,4.26,1.36,0,8,124,2.66,4.2600000000000025,drafted,6.499457823245576,378.23,9
Tanner Houck,BOS,pitcher,19879,109,4.15,1.29,0,7,118,2.63,4.210000000000002,drafted,6.423173107010299,198.23,6
Jake McGee,SFG,pitcher,7550,62,3.86,1.2,13,3,63,2.63,4.200000000000002,drafted,6.407916163763243,254.77,3
Dylan Bundy,MIN,pitcher,12917,151.5,4.87,1.36,0,9,140,2.54,4.040000000000002,drafted,6.163805071810358,427.54,1
Elieser Hernandez,MIA,pitcher,16933,124,4.5,1.25,0,6,121,2.42,3.820000000000001,drafted,5.82815232037514,330.62,2
Devin Williams,MIL,pitcher,15816,63.5,3.08,1.19,3,5,89,2.42,3.820000000000001,drafted,5.82815232037514,293.62,3
Miles Mikolas,STL,pitcher,9803,135,4.33,1.28,0,8,94,2.4,3.7900000000000005,,5.7823814906339726,440.38,NA
James Karinchak,CLE,pitcher,20151,64,3.44,1.22,4,5,91,2.33,3.67,drafted,5.599298171669307,426.23,9
Merrill Kelly,ARI,pitcher,11156,170,4.84,1.37,0,9,135,2.32,3.6400000000000006,,5.553527341928143,501.62,NA
JT Brubaker,PIT,pitcher,17578,139,4.59,1.33,0,7,130,2.29,3.5799999999999996,,5.4619856824458095,NA,NA
Zach Eflin,PHI,pitcher,13774,125,4.42,1.28,0,7,109,2.27,3.5500000000000003,drafted,5.416214852704644,506.54,NA
Tylor Megill,NYM,pitcher,21318,111.5,4.25,1.28,0,6,117,2.24,3.499999999999999,drafted,5.339930136469365,NA,6
Tyler Anderson,NA,pitcher,12880,162,4.87,1.33,0,8,130,2.23,3.4799999999999995,,5.309416249975255,561.23,NA
Nestor Cortes,NYY,pitcher,17874,115.5,4.48,1.28,0,6,121,2.12,3.2699999999999996,,4.989020441787094,NA,NA
Anthony Bender,MIA,pitcher,19742,63.5,3.61,1.25,10,3,69,2.11,3.2599999999999993,,4.973763498540038,NA,NA
Luis Patiño,TBR,pitcher,22815,109,4.23,1.29,0,6,115,2.11,3.2499999999999996,drafted,4.958506555292983,301.77,6
Alex Reyes,STL,pitcher,15015,69.5,3.93,1.38,8,5,85,2.07,3.1799999999999993,drafted,4.851707952563595,359.54,10
Jonathan Loáisiga,NYY,pitcher,19753,66.5,3.34,1.2,4,5,72,2,3.0599999999999996,drafted,4.668624633598932,NA,6
Carlos Estévez,COL,pitcher,14542,63,5.03,1.43,18,3,62,1.96,2.9699999999999993,,4.531312144375433,401.62,NA
Madison Bumgarner,ARI,pitcher,5524,170.5,5.1,1.34,0,8,138,1.93,2.9299999999999993,,4.470284371387212,473.23,NA
Josiah Gray,WSN,pitcher,24580,134,4.87,1.34,0,7,135,1.91,2.8899999999999997,drafted,4.409256598398991,NA,6
Brad Keller,KCR,pitcher,15734,152.5,4.48,1.44,0,9,124,1.89,2.8499999999999996,,4.34822882541077,586.46,NA
Chad Green,NYY,pitcher,15552,64.5,3.65,1.11,2,5,79,1.88,2.8299999999999996,drafted,4.317714938916659,388.08,2
Wade Miley,CHC,pitcher,8779,160.5,4.47,1.42,0,9,116,1.88,2.8299999999999996,,4.317714938916659,437.23,NA
Domingo Germán,NYY,pitcher,17149,98,4.34,1.24,0,6,103,1.85,2.7799999999999994,,4.241430222681382,391,NA
Drew Steckenrider,SEA,pitcher,18806,65,4.22,1.28,12,3,62,1.82,2.7299999999999995,,4.165145506446105,NA,NA
Cole Irvin,OAK,pitcher,19244,148.5,4.62,1.34,0,8,105,1.79,2.6699999999999995,drafted,4.073603846963773,549.85,2
José Quintana,PIT,pitcher,11423,133.5,4.45,1.39,0,7,125,1.78,2.6499999999999995,,4.043089960469663,552,NA
Luke Weaver,ARI,pitcher,16918,129.5,4.76,1.34,0,7,122,1.68,2.4799999999999995,,3.783721925269722,426.77,NA
James Kaprielian,OAK,pitcher,18331,113,4.49,1.3,0,6,111,1.64,2.3899999999999997,drafted,3.6464094360462243,351.23,4
Michael Fulmer,DET,pitcher,13218,63.5,3.9,1.27,10,3,62,1.62,2.3599999999999994,,3.600638606305058,326.85,NA
Cole Sulser,BAL,pitcher,15256,66,4.03,1.3,8,4,72,1.61,2.3399999999999994,drafted,3.5701247198109476,446.15,2
Ken Giles,SEA,pitcher,12910,51,3.79,1.21,10,3,59,1.6,2.3199999999999994,drafted,3.5396108333168366,NA,6
Tony Gonsolin,LAD,pitcher,19388,119,4.63,1.37,0,7,122,1.59,2.3099999999999996,drafted,3.5243538900697815,315.69,6
Héctor Neris,HOU,pitcher,11804,70.5,3.86,1.24,4,4,85,1.56,2.2499999999999996,,3.4328122305874498,544.46,NA
Aaron Ashby,MIL,pitcher,23550,79.5,3.55,1.29,0,5,94,1.42,1.9899999999999993,drafted,3.0361317061640105,NA,1
Adbert Alzolay,CHC,pitcher,17859,110.5,4.57,1.31,0,6,110,1.42,1.9899999999999993,drafted,3.0361317061640105,345.31,3
Ryan Yarbrough,TBR,pitcher,16502,129,4.64,1.29,0,7,91,1.39,1.9299999999999993,,2.9445900466816783,507.54,NA
José Alvarado,PHI,pitcher,17780,63,3.67,1.42,7,4,81,1.34,1.8499999999999996,,2.8225345007052365,633,NA
José Suarez,LAA,pitcher,19911,120,4.64,1.39,0,8,106,1.29,1.7499999999999996,,2.6699650682346827,528.85,NA
Diego Castillo,SEA,pitcher,17496,62.5,3.66,1.25,5,4,69,1.26,1.7099999999999995,,2.6089372952464616,378.46,NA
Diego Castillo,SEA,pitcher,17496,62.5,3.66,1.25,5,4,69,1.26,1.7099999999999995,,2.6089372952464616,743.46,NA
Aaron Bummer,CHW,pitcher,16258,63.5,3.04,1.24,2,4,74,1.22,1.6299999999999994,,2.486881749270019,665.85,NA
Dinelson Lamet,SDP,pitcher,17186,56.5,3.52,1.19,5,3,71,1.18,1.5499999999999994,drafted,2.364826203293576,397.31,10
Cristian Javier,HOU,pitcher,17606,91,4.23,1.28,0,4,111,1.17,1.5499999999999994,drafted,2.364826203293576,322,3
Daniel Hudson,LAD,pitcher,7146,59,4.01,1.23,5,4,72,1.14,1.4699999999999993,,2.2427706573171333,582.38,NA
Chris Stratton,PIT,pitcher,13761,66,4.35,1.37,9,4,65,1.08,1.3799999999999994,,2.1054581680936355,462.69,NA
Eric Lauer,MIL,pitcher,19316,109.5,4.51,1.34,0,6,104,1.08,1.3799999999999994,drafted,2.1054581680936355,307.85,2
Trevor May,NYM,pitcher,6398,63.5,3.69,1.21,2,4,79,1.05,1.3099999999999994,drafted,1.9986595653642478,580.69,2
Reid Detmers,LAA,pitcher,27468,89,4.38,1.31,0,6,95,1.03,1.2899999999999994,drafted,1.9681456788701372,NA,1
Chris Paddack,SDP,pitcher,20099,82,4.14,1.2,0,5,79,1,1.2299999999999995,drafted,1.8766040193878055,374.38,4
Brusdar Graterol,LAD,pitcher,20367,61.5,3.65,1.27,5,4,59,0.87,0.9899999999999997,drafted,1.5104373814584775,637.31,1
Kris Bubic,KCR,pitcher,21455,122,4.54,1.42,0,7,107,0.86,0.9699999999999996,,1.479923494964367,511.23,NA
Seth Lugo,NYM,pitcher,12447,66.5,3.82,1.21,2,4,73,0.84,0.9399999999999996,,1.4341526652232008,675.62,NA
Dallas Keuchel,CHW,pitcher,9434,157.5,4.62,1.46,0,9,103,0.81,0.8799999999999997,drafted,1.342611005740869,592.08,1
Jorge Alcala,MIN,pitcher,19459,63,4.08,1.26,6,3,68,0.8,0.8599999999999997,,1.3120971192467583,378.54,NA
Jake Diekman,NA,pitcher,5003,66,3.62,1.33,2,4,85,0.79,0.8399999999999996,,1.2815832327526475,713.15,NA
Adrian Houser,MIL,pitcher,12718,135,4.57,1.45,0,8,102,0.72,0.7099999999999999,,1.0832429705409286,403.85,NA
Tyler Matzek,ATL,pitcher,10058,65.5,3.49,1.3,1,4,82,0.69,0.6699999999999999,,1.0222151975527074,591.38,NA
Jake Odorizzi,HOU,pitcher,6397,85,4.28,1.26,0,5,83,0.69,0.6699999999999999,,1.0222151975527074,512.85,NA
David Price,LAD,pitcher,3184,88,4.27,1.32,0,6,82,0.69,0.6599999999999999,drafted,1.006958254305652,587.85,1
Tanner Rainey,WSN,pitcher,17610,61.5,4.44,1.42,8,3,80,0.67,0.6199999999999999,drafted,0.9459304813174305,345.46,1
Sixto Sánchez,MIA,pitcher,19680,81,3.89,1.26,0,5,71,0.64,0.57,drafted,0.869645765082154,367.08,6
Johnny Cueto,NA,pitcher,6893,126,4.84,1.38,0,7,101,0.61,0.5100000000000001,,0.7781041055998222,681,NA
Hunter Greene,CIN,pitcher,sa3005315,97.5,4.67,1.36,0,6,100,0.61,0.5100000000000001,drafted,0.7781041055998222,NA,1
Danny Duffy,NA,pitcher,3542,79.5,4.2,1.28,0,5,83,0.59,0.4700000000000002,,0.717076332611601,627.62,NA
Austin Gomber,COL,pitcher,16561,134.5,5.1,1.45,0,8,124,0.58,0.4600000000000002,,0.7018193893645457,556.38,NA
Garrett Crochet,CHW,pitcher,27463,65,3.55,1.26,0,4,80,0.53,0.3800000000000001,,0.5797638433881029,560.85,NA
Tyler Rogers,SFG,pitcher,15541,69,4.04,1.34,7,4,48,0.52,0.3500000000000001,,0.5339930136469369,558.92,NA
Kwang Hyun Kim,NA,pitcher,27458,107.5,4.49,1.38,0,7,82,0.5,0.31000000000000016,,0.47296524065871565,619.08,NA
J.A. Happ,NA,pitcher,7410,128,4.96,1.38,0,7,103,0.5,0.31000000000000016,,0.47296524065871565,719.15,NA
Collin McHugh,NA,pitcher,7531,64,3.68,1.18,0,4,70,0.48,0.28000000000000014,drafted,0.42719441091754956,555.15,1
Emilio Pagán,SDP,pitcher,14771,62,4.4,1.22,5,3,67,0.48,0.28000000000000014,,0.42719441091754956,639.31,NA
A.J. Puk,OAK,pitcher,19343,70,3.92,1.33,3,4,72,0.47,0.2500000000000001,,0.38142358117638353,577.46,NA
Ross Stripling,TOR,pitcher,13273,95,4.66,1.32,0,6,86,0.46,0.2500000000000001,,0.38142358117638353,582.08,NA
Matthew Boyd,NA,pitcher,15440,77.5,4.34,1.25,0,5,78,0.46,0.23000000000000007,,0.3509096946822728,702.46,NA
Tyler Alexander,DET,pitcher,17735,111.5,4.66,1.35,0,6,91,0.45,0.22000000000000006,,0.33565275143521744,603.62,NA
Josh Staumont,KCR,pitcher,18335,64.5,3.99,1.35,5,3,74,0.44,0.20000000000000015,,0.3051388649411069,445.62,NA
Tim Mayza,TOR,pitcher,15042,61.5,3.66,1.26,2,4,65,0.4,0.14000000000000007,,0.21359720545877478,NA,NA
Drew Smyly,NA,pitcher,11760,110.5,4.85,1.38,0,6,103,0.34,0.030000000000000054,,0.045770829741166086,601.69,NA
Carlos Hernández,KCR,pitcher,22713,120.5,4.68,1.42,0,6,106,0.31,-0.0399999999999999,,-0.06102777298822118,377.15,NA
Yonny Chirinos,TBR,pitcher,16401,83,4.24,1.27,0,5,71,0.3,-0.05999999999999994,,-0.09154165948233192,NA,NA
Matt Manning,DET,pitcher,20369,132,4.81,1.42,0,7,101,0.28,-0.08999999999999997,,-0.13731248922349795,NA,NA
Zach Thompson,PIT,pitcher,16094,122.5,4.72,1.4,0,6,101,0.27,-0.10999999999999999,,-0.16782637571760867,NA,NA
Ryne Stanek,HOU,pitcher,15947,68.5,4.11,1.31,1,4,83,0.27,-0.10999999999999999,,-0.16782637571760867,706.08,NA
Michael Wacha,BOS,pitcher,14078,110,4.88,1.37,0,6,99,0.27,-0.10999999999999999,,-0.16782637571760867,468.15,NA
Brad Hand,NA,pitcher,9111,62.5,4.14,1.28,3,4,66,0.27,-0.12,,-0.183083318964664,501.85,NA
Daniel Bard,COL,pitcher,7115,62.5,4.76,1.47,8,4,69,0.25,-0.14,,-0.2135972054587747,616.85,NA
Kendall Graveman,CHW,pitcher,15514,60,3.7,1.27,2,4,63,0.25,-0.15000000000000005,,-0.2288541487058301,577.15,NA
Matt Wisler,TBR,pitcher,12804,60,3.92,1.19,2,3,68,0.24,-0.16000000000000006,,-0.24411109195288544,741.46,NA
Alex Vesia,LAD,pitcher,25007,58.5,4.05,1.3,2,4,75,0.23,-0.18000000000000008,,-0.2746249784469961,688.54,NA
Tanner Scott,BAL,pitcher,17586,59,3.69,1.35,2,4,73,0.21,-0.22,,-0.3356527514352174,724.31,NA
Codi Heuer,CHC,pitcher,23293,66.5,4.2,1.35,5,4,59,0.2,-0.23,,-0.35090969468227273,506.92,NA
Ian Kennedy,NA,pitcher,6986,60,4.35,1.27,5,3,64,0.19,-0.25000000000000006,drafted,-0.3814235811763835,304.38,1
Génesis Cabrera,STL,pitcher,17490,65,3.8,1.31,1,4,74,0.19,-0.26,,-0.3966805244234387,722.31,NA
Jesús Luzardo,MIA,pitcher,19959,92,4.39,1.37,0,5,90,0.18,-0.26,,-0.3966805244234387,293.46,NA
Andrew Chafin,NA,pitcher,12988,66,3.84,1.27,3,3,64,0.17,-0.28,,-0.4271944109175494,700.69,NA
A.J. Minter,ATL,pitcher,18655,60.5,3.75,1.28,1,4,68,0.1,-0.41000000000000003,,-0.6255346731292688,746.15,NA
Mike Mayers,LAA,pitcher,15451,64.5,4.02,1.26,2,3,73,0.1,-0.41000000000000003,,-0.6255346731292688,663.92,NA
Dakota Hudson,STL,pitcher,19206,112,4.41,1.44,0,7,80,0.09,-0.44000000000000006,,-0.6713055028704348,NA,NA
Nate Pearson,TOR,pitcher,20160,75.5,4.35,1.34,0,5,82,0.08,-0.45999999999999996,drafted,-0.7018193893645454,462.38,6
Mike Soroka,ATL,pitcher,18383,85.5,4.36,1.34,0,6,68,0.06,-0.49,,-0.7475902191057113,588.92,NA
Trevor Rosenthal,NA,pitcher,10745,55.5,3.91,1.35,4,3,70,0.05,-0.5,,-0.7628471623527667,460.62,NA
Aaron Loup,LAA,pitcher,10343,60.5,3.65,1.26,1,4,60,0.02,-0.57,,-0.869645765082154,681.77,NA
Glenn Otto,TEX,pitcher,21366,86.5,4.52,1.35,0,5,85,0.01,-0.58,,-0.8849027083292094,NA,NA
Luke Jackson,ATL,pitcher,11752,65,3.86,1.34,3,3,70,0.01,-0.59,,-0.9001596515762647,674.46,NA
Art Warren,CIN,pitcher,18251,51.5,3.69,1.25,1,4,65,0,-0.6,,-0.91541659482332,470.38,NA
Yimi García,TOR,pitcher,12095,60,4.29,1.24,2,4,63,-0.02,-0.63,,-0.9611874245644861,626.54,NA
Rich Hill,BOS,pitcher,4806,110,4.93,1.39,0,6,96,-0.03,-0.6599999999999999,,-1.006958254305652,414.62,NA
Taylor Hearn,TEX,pitcher,18325,116.5,4.87,1.44,0,6,107,-0.05,-0.7,,-1.0679860272938733,584,NA
Jake Cousins,MIL,pitcher,21620,58.5,3.68,1.27,1,3,72,-0.07,-0.73,,-1.1137568570350393,NA,NA
Adam Ottavino,NA,pitcher,1247,65.5,4.17,1.38,2,4,77,-0.07,-0.73,,-1.1137568570350393,721.23,NA
Mychal Givens,NA,pitcher,10430,63.5,4.39,1.34,4,3,72,-0.09,-0.7699999999999999,,-1.1747846300232607,689.54,NA
Bruce Zimmermann,BAL,pitcher,20370,121,4.84,1.43,0,6,101,-0.13,-0.8499999999999999,,-1.2968401759997032,698.46,NA
Spencer Howard,TEX,pitcher,23252,99.5,4.79,1.38,0,5,95,-0.14,-0.8599999999999999,,-1.3120971192467585,563,NA
Tyler Duffey,MIN,pitcher,13758,65.5,4.13,1.32,3,3,68,-0.15,-0.8699999999999999,,-1.3273540624938138,634.46,NA
Heath Hembree,NA,pitcher,11632,55.5,4.45,1.3,4,3,67,-0.17,-0.9099999999999999,,-1.3883818354820354,NA,NA
JT Chargois,TBR,pitcher,13767,61,3.76,1.3,2,3,65,-0.18,-0.9299999999999999,,-1.418895721976146,NA,NA
Trevor Richards,TOR,pitcher,19309,57.5,4.1,1.25,1,4,63,-0.2,-0.9599999999999999,,-1.4646665517173119,705.54,NA
Justin Steele,CHC,pitcher,17312,93.5,4.52,1.42,0,5,90,-0.26,-1.0799999999999998,,-1.647749870681976,NA,NA
Matt Brash,SEA,pitcher,sa3010616,75,4.21,1.34,0,4,78,-0.27,-1.0899999999999999,,-1.6630068139290313,NA,NA
Trevor Williams,NYM,pitcher,16977,81.5,4.36,1.3,0,4,73,-0.28,-1.0999999999999999,,-1.6782637571760866,742.85,NA
Chris Archer,NA,pitcher,6345,88.5,4.74,1.38,0,5,86,-0.34,-1.2300000000000002,,-1.8766040193878064,735.31,NA
Alex Colomé,NA,pitcher,6661,65.5,4.18,1.36,3,4,57,-0.35,-1.2300000000000002,,-1.8766040193878064,445.31,NA
Reiver Sanmartin,CIN,pitcher,19754,84.5,4.46,1.36,0,5,73,-0.35,-1.2400000000000002,,-1.891860962634862,NA,NA
Nick Sandlin,CLE,pitcher,20517,58,3.82,1.31,1,3,71,-0.35,-1.2500000000000002,,-1.9071179058819172,NA,NA
Caleb Thielbar,MIN,pitcher,10078,62.5,4.08,1.27,1,3,68,-0.39,-1.3,,-1.9834026221171936,749.23,NA
Jake Brentz,KCR,pitcher,17783,57.5,3.91,1.38,3,3,66,-0.39,-1.3100000000000003,,-1.9986595653642492,NA,NA
Phil Bickford,LAD,pitcher,18519,54,4.06,1.28,1,4,61,-0.39,-1.3200000000000003,,-2.0139165086113047,747.31,NA
Richard Bleier,MIA,pitcher,7803,62,3.56,1.25,2,3,45,-0.4,-1.3300000000000003,,-2.0291734518583597,NA,NA
Joely Rodríguez,NYY,pitcher,11487,55.5,3.65,1.3,2,3,58,-0.4,-1.3400000000000003,,-2.0444303951054152,NA,NA
Craig Stammen,SDP,pitcher,7274,60,3.87,1.23,0,4,54,-0.42,-1.3600000000000003,,-2.074944281599526,738.08,NA
Mitch Keller,PIT,pitcher,17594,109,4.82,1.46,0,6,96,-0.42,-1.3600000000000003,,-2.074944281599526,525.23,NA
Deolis Guerra,OAK,pitcher,8410,63,4.33,1.29,3,3,60,-0.42,-1.3600000000000003,,-2.074944281599526,NA,NA
Jordan Hicks,STL,pitcher,19618,58,3.78,1.38,3,3,61,-0.45,-1.4100000000000004,,-2.151228997834803,553.62,NA
Richard Rodríguez,NA,pitcher,13549,62.5,4.65,1.29,3,4,55,-0.45,-1.4200000000000004,,-2.166485941081858,556.23,NA
Kyle Freeland,COL,pitcher,16256,155,5.23,1.5,0,8,121,-0.45,-1.4200000000000004,,-2.166485941081858,588.15,NA
Brent Suter,MIL,pitcher,13942,67,4.12,1.31,1,4,59,-0.46,-1.4400000000000004,,-2.1969998275759686,646.62,NA
Brooks Raley,TBR,pitcher,10061,50,3.63,1.26,2,3,54,-0.46,-1.4500000000000004,,-2.212256770823024,721.15,NA
Josh Sborz,TEX,pitcher,18323,60.5,4.11,1.34,2,3,69,-0.47,-1.4500000000000004,,-2.212256770823024,745.15,NA
Michael Lorenzen,LAA,pitcher,14843,93.5,4.52,1.41,0,5,80,-0.49,-1.5000000000000004,,-2.2885414870583007,555.54,NA
Keegan Akin,BAL,pitcher,19362,106,4.87,1.42,0,5,96,-0.5,-1.5200000000000005,,-2.3190553735524118,725.15,NA
Robert Suarez,SDP,pitcher,sa869798,54.5,3.65,1.21,2,2,55,-0.51,-1.5400000000000005,drafted,-2.3495692600465223,NA,1
Connor Brogdon,PHI,pitcher,21205,60.5,4.32,1.29,1,4,61,-0.52,-1.5500000000000005,,-2.3648262032935774,742.38,NA
David Peterson,NYM,pitcher,20302,75.5,4.17,1.36,0,4,71,-0.54,-1.5900000000000005,,-2.425853976281799,569,NA
David Robertson,NA,pitcher,8241,59,3.97,1.3,1,3,66,-0.54,-1.5900000000000005,,-2.425853976281799,746.54,NA
Daulton Jefferies,OAK,pitcher,19345,73.5,4.32,1.26,0,4,58,-0.55,-1.6100000000000005,,-2.4563678627759096,647.15,NA
Anthony Bass,MIA,pitcher,7982,62.5,4.13,1.34,3,3,58,-0.56,-1.6200000000000006,,-2.471624806022965,741,NA
Hansel Robles,NA,pitcher,11801,65.5,4.34,1.35,2,3,71,-0.57,-1.6500000000000006,,-2.517395635764131,736.23,NA
Amir Garrett,CIN,pitcher,14375,59.5,4.39,1.4,3,3,72,-0.59,-1.6700000000000006,,-2.5479095222582417,696.08,NA
Tommy Kahnle,LAD,pitcher,11384,48,3.64,1.2,0,3,60,-0.59,-1.6800000000000006,,-2.5631664655052973,749.77,NA
Randy Dobnak,MIN,pitcher,23798,115,4.73,1.45,0,7,73,-0.6,-1.7000000000000006,,-2.593680351999408,702.77,NA
Joe Ross,WSN,pitcher,12972,83,4.75,1.37,0,5,75,-0.62,-1.7200000000000006,,-2.6241942384935184,717.08,NA
Dillon Peters,PIT,pitcher,18790,94,4.65,1.4,0,5,78,-0.62,-1.7300000000000004,,-2.6394511817405735,708.62,NA
Brad Boxberger,NA,pitcher,10133,65,4.37,1.35,0,4,74,-0.62,-1.7400000000000004,,-2.654708124987629,522.46,NA
Brad Wieck,CHC,pitcher,16390,55,4.1,1.31,1,3,69,-0.62,-1.7400000000000004,,-2.654708124987629,750.08,NA
Antonio Senzatela,COL,pitcher,15488,169,5.22,1.48,0,8,113,-0.63,-1.7600000000000005,,-2.6852220114817396,608.54,NA
Jarlín García,SFG,pitcher,18282,57.5,4.05,1.3,1,4,53,-0.65,-1.7900000000000005,,-2.7309928412229056,NA,NA
Miguel Castro,NYM,pitcher,15684,61.5,3.88,1.37,1,3,69,-0.66,-1.8000000000000005,,-2.746249784469961,NA,NA
Ryan Tepera,NA,pitcher,10291,63.5,4.1,1.29,0,3,69,-0.67,-1.8200000000000005,,-2.7767636709640717,576.69,NA
Erick Fedde,WSN,pitcher,17425,115,4.99,1.45,0,6,93,-0.68,-1.8500000000000005,,-2.822534500705238,578.23,NA
Joe Kelly,NA,pitcher,9761,58.5,3.63,1.31,0,3,63,-0.69,-1.8500000000000005,,-2.822534500705238,735.23,NA
Julian Merryweather,TOR,pitcher,16703,53,4.03,1.29,2,3,56,-0.69,-1.8500000000000005,,-2.822534500705238,621.31,NA
Grayson Rodriguez,BAL,pitcher,sa3008130,66.5,4.46,1.31,0,4,67,-0.7,-1.8900000000000006,drafted,-2.883562273693459,NA,1
Spencer Patton,TEX,pitcher,12361,62,4.37,1.38,3,3,64,-0.72,-1.9100000000000006,,-2.91407616018757,NA,NA
Tim Hill,SDP,pitcher,16814,58,3.8,1.31,0,4,54,-0.73,-1.9300000000000006,,-2.9445900466816806,NA,NA
Andrés Muñoz,SEA,pitcher,20373,45,3.57,1.28,2,2,61,-0.73,-1.9300000000000006,,-2.9445900466816806,603.23,NA
Caleb Smith,ARI,pitcher,14875,69.5,4.73,1.36,2,3,76,-0.75,-1.9700000000000006,,-3.0056178196699017,636.69,NA
Martín Pérez,NA,pitcher,6902,95.5,4.82,1.44,0,6,77,-0.75,-1.9700000000000006,,-3.0056178196699017,745.23,NA
Phil Maton,HOU,pitcher,18064,62.5,4.08,1.31,0,3,69,-0.75,-1.9800000000000004,,-3.020874762916957,734.77,NA
Sam Coonrod,PHI,pitcher,17264,57,3.98,1.31,1,3,61,-0.76,-1.9900000000000004,,-3.0361317061640123,NA,NA
Chris Martin,NA,pitcher,11847,57.5,4.04,1.23,1,3,51,-0.77,-2.0100000000000002,,-3.0666455926581224,NA,NA
Casey Sadler,SEA,pitcher,11209,58.5,3.8,1.26,0,3,57,-0.77,-2.0100000000000002,,-3.0666455926581224,741,NA
Josh Taylor,BOS,pitcher,17359,57,3.86,1.32,0,3,67,-0.78,-2.0200000000000005,,-3.0819025359051784,NA,NA
Clay Holmes,NYY,pitcher,13649,59,3.92,1.38,0,4,64,-0.78,-2.0200000000000005,,-3.0819025359051784,717.85,NA
Luis Cessa,CIN,pitcher,13345,67,4.45,1.36,3,3,60,-0.79,-2.0400000000000005,,-3.112416422399289,681.77,NA
Colin Poche,TBR,pitcher,19403,44.5,3.76,1.19,0,3,56,-0.82,-2.0900000000000003,,-3.188701138634565,NA,NA
Caleb Ferguson,LAD,pitcher,19349,42.5,3.48,1.22,0,3,55,-0.85,-2.1500000000000004,,-3.2802427981168973,NA,NA
Dominic Leone,SFG,pitcher,13763,60,4.11,1.34,1,3,63,-0.87,-2.2000000000000006,,-3.3565275143521744,750.31,NA
Jordan Lyles,NA,pitcher,7593,141,5.42,1.44,0,6,113,-0.88,-2.2000000000000006,,-3.3565275143521744,605.62,NA
Cody Morris,CLE,pitcher,sa3008653,57.5,4.07,1.27,0,3,61,-0.88,-2.2100000000000004,,-3.3717844575992295,NA,NA
Sammy Long,SFG,pitcher,25379,75.5,4.5,1.36,0,4,68,-0.9,-2.2500000000000004,,-3.432812230587451,NA,NA
Jay Jackson,ATL,pitcher,7432,54.5,4.07,1.3,0,3,65,-0.92,-2.2800000000000002,,-3.4785830603286167,NA,NA
Domingo Acevedo,OAK,pitcher,17092,57,4.13,1.25,0,3,58,-0.94,-2.3100000000000005,,-3.524353890069783,NA,NA
Brett Martin,TEX,pitcher,17369,62.5,3.99,1.35,2,3,51,-0.94,-2.3100000000000005,,-3.524353890069783,NA,NA
Austin Warren,LAA,pitcher,24937,58,4.26,1.42,2,4,56,-0.94,-2.3200000000000003,,-3.539610833316838,NA,NA
Justin Dunn,SEA,pitcher,19268,86,4.8,1.41,0,4,85,-0.94,-2.3300000000000005,,-3.554867776563894,585.23,NA
Mike Foltynewicz,NA,pitcher,10811,116,5.33,1.41,0,6,88,-0.95,-2.3400000000000003,,-3.570124719810949,NA,NA
Tony Watson,NA,pitcher,3132,59,4.19,1.29,0,4,51,-0.97,-2.3700000000000006,,-3.615895549552115,NA,NA
Ryan Thompson,TBR,pitcher,16647,52,3.71,1.25,0,3,51,-0.98,-2.3800000000000003,,-3.63115249279917,NA,NA
Dylan Coleman,KCR,pitcher,22276,53.5,3.84,1.31,0,3,60,-0.98,-2.3900000000000006,,-3.646409436046226,NA,NA
John King,TEX,pitcher,22051,56.5,3.95,1.31,0,4,49,-0.99,-2.4000000000000004,,-3.6616663792932806,NA,NA
Tony Santillan,CIN,pitcher,19926,60,4.61,1.38,2,3,68,-0.99,-2.4100000000000006,,-3.6769233225403366,NA,NA
Steven Okert,MIA,pitcher,13580,54,4.06,1.27,0,3,58,-1.01,-2.4500000000000006,,-3.7379510955285578,NA,NA
Carlos Martínez,NA,pitcher,11682,115.5,5.13,1.48,1,6,87,-1.05,-2.5200000000000005,,-3.844749698257945,742.23,NA
Garrett Richards,NA,pitcher,9784,95,4.83,1.45,0,5,80,-1.07,-2.5600000000000005,,-3.9057774712461666,732.62,NA
José Cisnero,DET,pitcher,6399,59,4.13,1.37,1,3,61,-1.07,-2.5600000000000005,,-3.9057774712461666,748.08,NA
José Quijada,LAA,pitcher,19200,54,4.1,1.34,0,3,65,-1.09,-2.5900000000000003,,-3.9515483009873322,NA,NA
Michael King,NYY,pitcher,19853,58,4.15,1.29,0,3,58,-1.09,-2.5900000000000003,,-3.9515483009873322,707.08,NA
Reynaldo López,CHW,pitcher,16400,61.5,4.4,1.29,0,3,62,-1.1,-2.6100000000000003,,-3.982062187481443,547.92,NA
Bailey Falter,PHI,pitcher,20070,58,4.26,1.26,0,3,56,-1.1,-2.6100000000000003,,-3.982062187481443,NA,NA
Anthony Misiewicz,SEA,pitcher,18152,56,4.07,1.28,0,3,55,-1.12,-2.6400000000000006,,-4.027833017222609,NA,NA
Edward Cabrera,MIA,pitcher,21690,58,4.11,1.34,0,3,63,-1.12,-2.6400000000000006,drafted,-4.027833017222609,NA,1
Daniel Norris,NA,pitcher,13475,57.5,4.05,1.32,0,3,59,-1.12,-2.6500000000000004,,-4.043089960469664,NA,NA
Zach Davies,NA,pitcher,13183,137,5.22,1.5,0,7,100,-1.13,-2.6700000000000004,,-4.073603846963775,713.62,NA
Zac Lowther,BAL,pitcher,20243,97.5,4.9,1.47,0,5,85,-1.15,-2.7000000000000006,,-4.1193746767049415,NA,NA
Wily Peralta,NA,pitcher,7738,114.5,4.91,1.49,0,6,84,-1.15,-2.7100000000000004,,-4.134631619951996,NA,NA
Tucker Davidson,ATL,pitcher,19871,72.5,4.45,1.42,0,4,68,-1.17,-2.7300000000000004,drafted,-4.165145506446107,588.77,1
Vince Velasquez,NA,pitcher,11189,82.5,5,1.41,0,4,83,-1.17,-2.7400000000000007,,-4.180402449693163,746.85,NA
Derek Holland,NA,pitcher,4141,59.5,4.27,1.33,0,3,62,-1.2,-2.7900000000000005,,-4.256687165928439,NA,NA
Jorge López,BAL,pitcher,14527,56.5,4.29,1.33,1,3,55,-1.21,-2.8100000000000005,,-4.2872010524225495,749.62,NA
A.J. Alexy,TEX,pitcher,22343,99,5.07,1.47,0,5,89,-1.23,-2.8500000000000005,,-4.3482288254107715,NA,NA
J.P. Feyereisen,TBR,pitcher,16610,57.5,4.38,1.41,2,3,59,-1.23,-2.8500000000000005,,-4.3482288254107715,699.69,NA
Robert Stephenson,COL,pitcher,13594,62.5,4.9,1.4,2,3,69,-1.24,-2.8700000000000006,,-4.378742711904882,641.31,NA
Brett Anderson,NA,pitcher,8223,95,4.7,1.44,0,6,55,-1.26,-2.9100000000000006,,-4.439770484893104,746.92,NA
Will Harris,WSN,pitcher,3192,53,4.22,1.33,1,3,52,-1.29,-2.9500000000000006,,-4.500798257881325,NA,NA
Jeff Hoffman,CIN,pitcher,17432,66.5,4.74,1.41,1,3,73,-1.3,-2.9700000000000006,,-4.531312144375435,NA,NA
Manuel Rodríguez,CHC,pitcher,20794,54,4.46,1.46,2,4,53,-1.3,-2.9800000000000004,,-4.5465690876224905,NA,NA
Kolby Allard,TEX,pitcher,18694,72,4.79,1.36,0,4,62,-1.32,-3.0100000000000007,,-4.592339917363657,733.69,NA
Luis Gil,NYY,pitcher,21052,67,4.56,1.42,0,3,77,-1.32,-3.0200000000000005,,-4.607596860610712,NA,NA
Roansy Contreras,PIT,pitcher,22810,59.5,4.28,1.31,0,3,55,-1.33,-3.0300000000000007,drafted,-4.622853803857767,NA,4
Jeurys Familia,NA,pitcher,5114,60.5,4.13,1.39,0,3,62,-1.34,-3.0600000000000005,,-4.668624633598933,745.46,NA
Sam Howard,PIT,pitcher,16265,56,4.29,1.39,0,3,66,-1.35,-3.0700000000000007,,-4.683881576845989,NA,NA
Joe Jiménez,DET,pitcher,15761,53,4.55,1.36,1,3,60,-1.35,-3.0700000000000007,,-4.683881576845989,NA,NA
Daniel Lynch,KCR,pitcher,21537,78.5,4.79,1.44,0,5,63,-1.38,-3.1100000000000003,drafted,-4.744909349834209,NA,NA
Darwinzon Hernandez,BOS,pitcher,19848,50.5,3.99,1.44,0,3,66,-1.38,-3.1100000000000003,,-4.744909349834209,NA,NA
J.B. Wendelken,ARI,pitcher,14506,59,4.5,1.41,2,3,56,-1.39,-3.1500000000000004,,-4.805937122822431,746,NA
Andrew Wantz,LAA,pitcher,24933,57.5,4.52,1.33,0,3,61,-1.4,-3.1600000000000006,,-4.821194066069487,NA,NA
Sean Doolittle,NA,pitcher,1581,52.5,4.59,1.31,1,3,53,-1.4,-3.1600000000000006,,-4.821194066069487,NA,NA
Adam Cimber,TOR,pitcher,15288,65,4.26,1.34,1,3,47,-1.4,-3.1600000000000006,,-4.821194066069487,NA,NA
Seranthony Domínguez,PHI,pitcher,19249,50.5,4.25,1.37,3,2,50,-1.41,-3.1700000000000004,,-4.836451009316542,745.54,NA
Dillon Tate,BAL,pitcher,17796,59.5,4.26,1.36,1,3,50,-1.44,-3.2300000000000004,,-4.927992668798874,742.38,NA
Chad Kuhl,NA,pitcher,14975,83,4.85,1.46,0,4,79,-1.44,-3.2300000000000004,,-4.927992668798874,NA,NA
Zack Littell,SFG,pitcher,15823,55,4.19,1.34,0,3,54,-1.46,-3.2600000000000007,,-4.97376349854004,NA,NA
Ryan Brasier,BOS,pitcher,5615,60,4.5,1.37,1,3,56,-1.46,-3.2600000000000007,,-4.97376349854004,NA,NA
Yusmeiro Petit,NA,pitcher,4020,71.5,4.95,1.32,1,4,47,-1.46,-3.2600000000000007,,-4.97376349854004,NA,NA
Drew Smith,NYM,pitcher,17755,57,4.39,1.33,0,3,56,-1.47,-3.2800000000000007,,-5.00427738503415,NA,NA
Nick Wittgren,CLE,pitcher,15594,54,4.41,1.3,0,3,53,-1.48,-3.3000000000000007,,-5.0347912715282614,NA,NA
Jesse Chavez,NA,pitcher,5448,54,4.27,1.31,0,3,51,-1.49,-3.3200000000000007,,-5.0653051580223725,NA,NA
Austin Voth,WSN,pitcher,15047,62.5,4.77,1.37,1,3,61,-1.49,-3.3200000000000007,,-5.0653051580223725,NA,NA
Archie Bradley,NA,pitcher,12918,59.5,4.54,1.42,1,4,51,-1.49,-3.3300000000000005,,-5.080562101269427,750.38,NA
Scott Effross,CHC,pitcher,18384,54.5,4.53,1.34,0,4,47,-1.53,-3.3900000000000006,,-5.172103760751759,NA,NA
Jakob Junis,NA,pitcher,13619,69,4.91,1.38,0,4,61,-1.53,-3.4000000000000004,,-5.187360703998814,NA,NA
Adam Morgan,NA,pitcher,12580,54,4.3,1.35,0,3,55,-1.54,-3.4100000000000006,,-5.20261764724587,NA,NA
Jacob Webb,ATL,pitcher,19274,53,4.54,1.38,0,4,52,-1.54,-3.4100000000000006,,-5.20261764724587,NA,NA
Kervin Castro,SFG,pitcher,21656,52.5,4.25,1.38,1,3,50,-1.54,-3.4200000000000004,,-5.217874590492925,NA,NA
Paul Fry,BAL,pitcher,15832,52,3.96,1.42,0,3,57,-1.55,-3.4200000000000004,,-5.217874590492925,NA,NA
Josh Fleming,TBR,pitcher,20418,56,4.19,1.35,0,4,40,-1.56,-3.4400000000000004,,-5.248388476987036,722.08,NA
Noé Ramirez,ARI,pitcher,12800,61,4.72,1.36,1,3,56,-1.56,-3.4500000000000006,,-5.263645420234091,750.62,NA
Bryse Wilson,PIT,pitcher,19990,108.5,5.17,1.43,0,5,75,-1.56,-3.4500000000000006,,-5.263645420234091,701.08,NA
Eli Morgan,CLE,pitcher,20203,70,4.94,1.33,0,3,64,-1.57,-3.4700000000000006,,-5.2941593067282025,NA,NA
Tyler Clippard,NA,pitcher,5640,54.5,4.8,1.32,1,3,51,-1.61,-3.5400000000000005,,-5.400957909457589,NA,NA
Joe Mantiply,ARI,pitcher,14857,56,4.34,1.4,1,3,51,-1.63,-3.5800000000000005,,-5.46198568244581,NA,NA
Austin Adams,SDP,pitcher,13801,47,3.99,1.35,0,2,59,-1.64,-3.6000000000000005,,-5.492499568939921,730.46,NA
Jeffrey Springs,TBR,pitcher,17677,36,3.58,1.21,0,2,45,-1.65,-3.6200000000000006,,-5.5230134554340315,NA,NA
Hirokazu Sawamura,BOS,pitcher,27515,54.5,4.25,1.43,0,3,60,-1.66,-3.6200000000000006,,-5.5230134554340315,NA,NA
Wandy Peralta,NYY,pitcher,14295,57,4.13,1.39,0,3,52,-1.66,-3.6300000000000003,,-5.538270398681087,NA,NA
Ryan Helsley,STL,pitcher,18138,55.5,4.32,1.39,0,3,56,-1.66,-3.6400000000000006,,-5.553527341928143,NA,NA
James Paxton,BOS,pitcher,11828,44,4.33,1.29,0,3,47,-1.67,-3.6500000000000004,,-5.568784285175198,675.23,NA
Kyle Funkhouser,DET,pitcher,19456,66,4.52,1.49,0,4,62,-1.71,-3.7200000000000006,,-5.675582887904586,NA,NA
Keegan Thompson,CHC,pitcher,19795,77,4.95,1.46,0,4,71,-1.71,-3.7300000000000004,,-5.69083983115164,NA,NA
José Leclerc,TEX,pitcher,14524,35,3.84,1.28,1,2,45,-1.72,-3.7400000000000007,,-5.706096774398696,720.38,NA
Patrick Murphy,WSN,pitcher,19712,55,4.33,1.39,0,3,54,-1.73,-3.7600000000000007,,-5.736610660892807,750,NA
Paolo Espino,WSN,pitcher,8246,75.5,5.2,1.38,0,4,62,-1.76,-3.8100000000000005,,-5.812895377128084,NA,NA
Wil Crowe,PIT,pitcher,19800,100,5.09,1.48,0,4,86,-1.76,-3.8100000000000005,,-5.812895377128084,691.54,NA
Ryan Sherriff,PHI,pitcher,12249,52.5,4.39,1.43,0,4,47,-1.78,-3.8500000000000005,,-5.873923150116305,NA,NA
Bryan Shaw,NA,pitcher,8110,69,4.7,1.47,0,4,61,-1.8,-3.8800000000000003,,-5.91969397985747,NA,NA
Dustin May,LAD,pitcher,19716,35,3.55,1.18,0,2,38,-1.8,-3.8800000000000003,,-5.91969397985747,686.92,NA
Hunter Strickland,NA,pitcher,7836,57.5,4.65,1.37,0,3,55,-1.81,-3.9100000000000006,,-5.965464809598637,NA,NA
Jesse Hahn,NA,pitcher,13287,43.5,4.31,1.42,1,3,47,-1.82,-3.9300000000000006,,-5.995978696092747,NA,NA
Trevor Stephan,CLE,pitcher,19932,54,4.46,1.35,0,2,60,-1.82,-3.9300000000000006,,-5.995978696092747,NA,NA
Rafael Dolis,NA,pitcher,4185,53,4.51,1.47,1,3,56,-1.84,-3.9700000000000006,,-6.057006469080969,NA,NA
Greg Holland,NA,pitcher,7196,52.5,4.56,1.43,1,3,52,-1.84,-3.9700000000000006,,-6.057006469080969,NA,NA
Danny Coulombe,MIN,pitcher,13293,41,4.05,1.33,0,3,41,-1.86,-4,,-6.102777298822134,NA,NA
Touki Toussaint,ATL,pitcher,16929,58.5,4.58,1.43,0,3,60,-1.86,-4,,-6.102777298822134,700.23,NA
Alec Mills,CHC,pitcher,13834,93.5,5.07,1.42,0,4,66,-1.87,-4.010000000000001,,-6.11803424206919,680.92,NA
Kirby Yates,ATL,pitcher,9073,29,3.76,1.19,1,2,36,-1.87,-4.0200000000000005,,-6.133291185316245,685,NA
Louis Head,MIA,pitcher,13259,50,4.18,1.31,0,2,49,-1.87,-4.03,,-6.1485481285633,NA,NA
Steven Brault,NA,pitcher,15291,96,5.1,1.51,0,5,75,-1.9,-4.07,,-6.2095759015515215,NA,NA
Sergio Romo,NA,pitcher,9817,61,4.75,1.36,1,2,56,-1.92,-4.109999999999999,,-6.270603674539742,NA,NA
Anthony Banda,PIT,pitcher,14706,59.5,4.55,1.44,1,3,51,-1.92,-4.109999999999999,,-6.270603674539742,NA,NA
Nick Mears,PIT,pitcher,25376,54.5,4.71,1.45,1,3,55,-1.92,-4.109999999999999,,-6.270603674539742,NA,NA
José Ruiz,CHW,pitcher,14552,55,4.33,1.37,0,2,56,-1.93,-4.13,,-6.301117561033853,NA,NA
Griffin Canning,LAA,pitcher,19867,49,4.4,1.31,0,2,51,-1.94,-4.1499999999999995,,-6.331631447527963,641.23,NA
Vladimir Gutierrez,CIN,pitcher,19278,117,5.7,1.5,0,6,95,-1.95,-4.16,,-6.346888390775019,NA,NA
Josh Winder,MIN,pitcher,sa3007993,72,4.97,1.38,0,3,60,-1.95,-4.17,,-6.362145334022075,NA,NA
Matt Strahm,NA,pitcher,13799,41.5,4.1,1.23,0,2,40,-1.96,-4.18,,-6.3774022772691294,NA,NA
John Brebbia,SFG,pitcher,12777,42,4.2,1.27,0,2,45,-1.97,-4.199999999999999,,-6.40791616376324,NA,NA
Rafael Montero,HOU,pitcher,12760,43,4.2,1.32,1,2,41,-1.99,-4.239999999999999,,-6.468943936751461,NA,NA
Lucas Luetge,NYY,pitcher,8337,44,4.14,1.29,0,2,44,-2,-4.26,,-6.499457823245572,NA,NA
Joe Smith,NA,pitcher,3281,47,4.4,1.32,0,3,39,-2,-4.26,,-6.499457823245572,NA,NA
José Ureña,NA,pitcher,11589,98.5,5.14,1.49,0,5,69,-2.02,-4.289999999999999,,-6.545228652986737,NA,NA
José Álvarez,SFG,pitcher,5358,52,4.13,1.38,0,3,39,-2.03,-4.299999999999999,,-6.560485596233792,NA,NA
Zach Pop,MIA,pitcher,20185,55.5,4.13,1.39,0,2,51,-2.03,-4.309999999999999,,-6.5757425394808475,NA,NA
Domingo Tapia,KCR,pitcher,12178,61.5,4.67,1.5,2,3,51,-2.03,-4.309999999999999,,-6.5757425394808475,NA,NA
Cody Stashak,MIN,pitcher,18088,43,4.44,1.28,0,2,47,-2.04,-4.319999999999999,,-6.590999482727904,NA,NA
Trevor Gott,MIL,pitcher,15046,50.5,4.73,1.38,0,3,50,-2.05,-4.339999999999999,,-6.621513369222014,NA,NA
Erik Swanson,SEA,pitcher,16587,41,4.28,1.25,0,2,42,-2.05,-4.339999999999999,,-6.621513369222014,744.62,NA
Trevor Cahill,NA,pitcher,6249,71,4.99,1.45,0,4,57,-2.05,-4.349999999999999,,-6.636770312469069,NA,NA
Mike Fiers,NA,pitcher,7754,94.5,5.4,1.43,0,5,62,-2.06,-4.3599999999999985,,-6.652027255716123,NA,NA
Drew Pomeranz,SDP,pitcher,11426,30,3.67,1.31,1,2,36,-2.06,-4.369999999999999,,-6.66728419896318,661.15,NA
Jharel Cotton,MIN,pitcher,13654,51,4.67,1.41,0,3,51,-2.09,-4.409999999999998,,-6.7283119719514,NA,NA
Justus Sheffield,SEA,pitcher,17285,52,4.34,1.43,0,3,47,-2.09,-4.419999999999998,,-6.7435689151984555,732.23,NA
Steve Cishek,NA,pitcher,6483,67.5,4.65,1.47,0,3,60,-2.12,-4.469999999999999,,-6.819853631433733,NA,NA
Wander Suero,NA,pitcher,15855,40.5,4.52,1.34,0,3,40,-2.13,-4.489999999999998,,-6.850367517927843,NA,NA
Jovani Moran,MIN,pitcher,20422,45.5,4.17,1.42,0,2,53,-2.14,-4.509999999999998,,-6.880881404421953,NA,NA
Spencer Strider,ATL,pitcher,27498,31.5,4.22,1.31,0,3,35,-2.15,-4.519999999999998,,-6.896138347669008,NA,NA
Sam Moll,OAK,pitcher,14874,51.5,4.12,1.41,0,2,50,-2.15,-4.519999999999998,,-6.896138347669008,NA,NA
Lewis Thorpe,MIN,pitcher,15906,72.5,5.04,1.46,0,4,57,-2.16,-4.539999999999998,,-6.926652234163119,749.85,NA
Sam Hentges,CLE,pitcher,18548,59.5,4.53,1.42,0,2,59,-2.16,-4.549999999999998,,-6.941909177410174,NA,NA
Andrew Miller,NA,pitcher,6785,51.5,4.57,1.42,1,2,51,-2.18,-4.579999999999998,,-6.987680007151341,NA,NA
Alex Lange,DET,pitcher,19883,55.5,4.58,1.47,0,3,54,-2.18,-4.589999999999998,,-7.002936950398396,NA,NA
Nick Snyder,TEX,pitcher,23493,42.5,4.36,1.38,1,2,43,-2.19,-4.599999999999998,,-7.01819389364545,NA,NA
Keone Kela,NA,pitcher,14696,34,4.11,1.26,0,2,39,-2.19,-4.599999999999998,,-7.01819389364545,NA,NA
Oliver Drake,TBR,pitcher,8823,41,4.11,1.31,0,2,40,-2.2,-4.6199999999999974,,-7.04870778013956,NA,NA
Kyle Zimmer,NA,pitcher,14169,51,4.66,1.47,2,2,50,-2.21,-4.629999999999998,,-7.063964723386617,NA,NA
Blake Taylor,HOU,pitcher,16418,52.5,4.46,1.46,0,3,49,-2.21,-4.629999999999998,,-7.063964723386617,NA,NA
Kodi Whitley,STL,pitcher,19731,45,4.29,1.34,0,2,44,-2.22,-4.649999999999998,,-7.094478609880727,NA,NA
Duane Underwood Jr.,PIT,pitcher,14677,58,4.66,1.42,1,2,52,-2.22,-4.649999999999998,,-7.094478609880727,NA,NA
T.J. McFarland,STL,pitcher,3237,54,4.16,1.4,0,3,35,-2.22,-4.6599999999999975,,-7.109735553127782,NA,NA
Ryan Borucki,TOR,pitcher,16350,44,4.1,1.37,0,2,44,-2.22,-4.6599999999999975,,-7.109735553127782,NA,NA
Michael Rucker,CHC,pitcher,19454,47,4.64,1.37,1,2,45,-2.22,-4.6599999999999975,,-7.109735553127782,NA,NA
Nick Lodolo,CIN,pitcher,sa917947,37,4.23,1.28,0,2,39,-2.24,-4.6999999999999975,drafted,-7.1707633261160035,NA,2
Justin Wilson,CIN,pitcher,4301,55.5,4.81,1.46,0,3,55,-2.25,-4.719999999999998,,-7.2012772126101146,NA,NA
Taylor Widener,ARI,pitcher,19266,56,4.82,1.39,0,2,57,-2.28,-4.759999999999998,,-7.262304985598337,735.31,NA
Julio Teheran,NA,pitcher,6797,92,5.41,1.48,0,4,76,-2.28,-4.769999999999998,,-7.277561928845391,NA,NA
Joel Payamps,KCR,pitcher,14332,52,4.46,1.35,0,2,44,-2.3,-4.809999999999998,,-7.338589701833612,NA,NA
Kyle McGowin,NA,pitcher,15071,39,4.38,1.31,0,2,41,-2.31,-4.809999999999998,,-7.338589701833612,NA,NA
Angel Perdomo,MIL,pitcher,17759,36,4.15,1.41,0,2,47,-2.31,-4.819999999999998,,-7.353846645080668,NA,NA
Jaime Barría,LAA,pitcher,18356,69.5,5.27,1.42,0,4,50,-2.32,-4.829999999999998,,-7.369103588327724,NA,NA
Demarcus Evans,TEX,pitcher,21087,41,4.79,1.47,2,2,46,-2.32,-4.839999999999998,,-7.384360531574779,721.62,NA
Blake Parker,NA,pitcher,5224,50.5,4.59,1.36,0,2,47,-2.33,-4.849999999999998,,-7.399617474821834,NA,NA
Chaz Roe,NA,pitcher,9866,41.5,4.23,1.38,0,2,44,-2.33,-4.849999999999998,,-7.399617474821834,NA,NA
Sean Newcomb,ATL,pitcher,16943,37,4.1,1.36,0,2,41,-2.34,-4.8699999999999974,,-7.430131361315944,NA,NA
Cade Cavalli,WSN,pitcher,sa3014421,51.5,4.76,1.46,0,3,50,-2.34,-4.879999999999998,drafted,-7.445388304563,NA,1
Ross Detwiler,NA,pitcher,2859,44.5,4.4,1.35,0,2,42,-2.36,-4.919999999999998,,-7.506416077551222,NA,NA
Gabe Speier,KCR,pitcher,17170,45.5,4.24,1.37,0,2,41,-2.37,-4.929999999999998,,-7.521673020798277,NA,NA
Sean Reid-Foley,NYM,pitcher,17034,40.5,4.28,1.41,0,2,46,-2.38,-4.9499999999999975,,-7.552186907292387,NA,NA
Matthew Liberatore,STL,pitcher,sa3008163,42.5,4.52,1.36,0,3,33,-2.38,-4.9499999999999975,,-7.552186907292387,NA,NA
Dean Kremer,BAL,pitcher,19350,67.5,5.18,1.43,0,3,58,-2.38,-4.959999999999998,,-7.567443850539443,NA,NA
Tobias Myers,CLE,pitcher,sa918088,40,4.47,1.3,0,2,38,-2.4,-4.979999999999998,,-7.597957737033553,NA,NA
Jalen Beeks,TBR,pitcher,17192,38,4.02,1.35,0,2,36,-2.41,-5.009999999999998,,-7.64372856677472,NA,NA
Brent Honeywell Jr.,OAK,pitcher,16466,56,4.65,1.37,0,2,46,-2.42,-5.019999999999998,,-7.6589855100217745,NA,NA
Pedro Báez,HOU,pitcher,5420,50,4.79,1.39,1,2,43,-2.43,-5.039999999999998,,-7.6894993965158855,NA,NA
Tyler Gilbert,ARI,pitcher,17964,68.5,5.04,1.43,0,3,53,-2.43,-5.049999999999998,,-7.704756339762941,NA,NA
Tommy Nance,CHC,pitcher,19178,44,4.39,1.39,0,2,43,-2.45,-5.079999999999998,,-7.750527169504108,NA,NA
Oliver Pérez,CLE,pitcher,1514,35.5,4.16,1.31,0,2,34,-2.45,-5.079999999999998,,-7.750527169504108,NA,NA
Ralph Garza Jr.,MIN,pitcher,17682,55,4.9,1.47,0,3,51,-2.46,-5.089999999999998,,-7.765784112751162,NA,NA
Austin Davis,BOS,pitcher,17117,46.5,4.58,1.41,0,2,48,-2.46,-5.099999999999998,,-7.781041055998218,NA,NA
Cionel Pérez,BAL,pitcher,19614,43.5,4.29,1.44,0,2,46,-2.47,-5.109999999999998,,-7.796297999245272,NA,NA
Dauri Moreta,CIN,pitcher,21101,44,4.74,1.33,0,2,42,-2.47,-5.109999999999998,,-7.796297999245272,NA,NA
Logan Allen,CLE,pitcher,18555,52.5,4.78,1.45,0,3,45,-2.47,-5.1199999999999974,,-7.811554942492327,750.08,NA
J.C. Mejía,MIL,pitcher,20617,55,4.96,1.46,0,3,50,-2.49,-5.139999999999998,,-7.842068828986439,NA,NA
Shane Greene,NA,pitcher,10756,39,4.62,1.37,1,2,36,-2.49,-5.149999999999998,,-7.8573257722334935,NA,NA
Dan Straily,NA,pitcher,9460,105,5.64,1.47,0,4,82,-2.49,-5.149999999999998,,-7.8573257722334935,NA,NA
Nick Nelson,PHI,pitcher,20153,46,4.39,1.47,0,2,50,-2.49,-5.1599999999999975,,-7.872582715480549,NA,NA
Justin Bruihl,LAD,pitcher,23779,36,4.09,1.33,0,2,33,-2.5,-5.169999999999998,,-7.887839658727605,NA,NA
Juan Minaya,NA,pitcher,10341,42.5,4.37,1.41,0,2,43,-2.51,-5.179999999999998,,-7.90309660197466,NA,NA
Francisco Perez,WSN,pitcher,21018,39,4.36,1.4,0,2,42,-2.51,-5.179999999999998,,-7.90309660197466,NA,NA
Jandel Gustave,MIL,pitcher,14665,45.5,4.46,1.38,0,2,41,-2.51,-5.189999999999998,,-7.9183535452217155,NA,NA
Dellin Betances,NA,pitcher,6216,36,4.32,1.38,0,2,39,-2.54,-5.2399999999999975,,-7.994638261456991,NA,NA
Jonathan Hernández,TEX,pitcher,17464,35.5,4.22,1.36,0,2,36,-2.54,-5.2399999999999975,,-7.994638261456991,NA,NA
Tommy Hunter,NA,pitcher,1157,40,4.32,1.32,0,2,32,-2.56,-5.279999999999998,,-8.055666034445213,NA,NA
Sean Poppen,ARI,pitcher,19583,42.5,4.38,1.41,0,2,41,-2.57,-5.289999999999998,,-8.07092297769227,NA,NA
Kyle Muller,ATL,pitcher,20167,40.5,4.72,1.47,0,3,40,-2.58,-5.309999999999998,,-8.101436864186379,NA,NA
Evan Phillips,LAD,pitcher,17734,36,4.3,1.4,0,2,39,-2.58,-5.309999999999998,,-8.101436864186379,NA,NA
Matt Shoemaker,NA,pitcher,4776,54,4.96,1.38,0,2,48,-2.58,-5.319999999999998,,-8.116693807433434,NA,NA
Junior Fernández,STL,pitcher,18496,39.5,4.2,1.41,0,2,38,-2.58,-5.319999999999998,,-8.116693807433434,NA,NA
Dennis Santana,TEX,pitcher,17878,48,4.58,1.45,0,2,48,-2.59,-5.339999999999998,,-8.147207693927546,NA,NA
Michael Feliz,BOS,pitcher,11903,36.5,4.84,1.4,1,2,38,-2.6,-5.339999999999998,,-8.147207693927546,NA,NA
Hunter Harvey,SFG,pitcher,15507,38,4.32,1.35,0,2,34,-2.6,-5.349999999999998,,-8.162464637174601,749.46,NA
Jace Fry,NA,pitcher,16159,37.5,4.11,1.43,0,2,38,-2.6,-5.359999999999998,,-8.177721580421656,NA,NA
Miguel Del Pozo,DET,pitcher,18792,45,4.54,1.44,0,2,45,-2.62,-5.389999999999998,,-8.223492410162821,NA,NA
Jake Arrieta,NA,pitcher,4153,66,5.2,1.5,0,4,49,-2.62,-5.389999999999998,,-8.223492410162821,NA,NA
Victor González,LAD,pitcher,16408,30.5,3.92,1.35,0,2,30,-2.63,-5.399999999999998,,-8.238749353409878,NA,NA
Jimmy Herget,LAA,pitcher,17556,50,4.83,1.42,0,2,48,-2.63,-5.4099999999999975,,-8.254006296656932,NA,NA
Jacob Barnes,TOR,pitcher,12323,31.5,4.4,1.39,1,2,30,-2.64,-5.419999999999998,,-8.269263239903989,NA,NA
Jackson Kowar,KCR,pitcher,21549,46,4.66,1.41,0,2,43,-2.65,-5.439999999999998,,-8.299777126398098,NA,NA
Jake Reed,NYM,pitcher,16209,39.5,4.47,1.38,0,2,37,-2.65,-5.439999999999998,,-8.299777126398098,NA,NA
Brandon Bielak,HOU,pitcher,19866,35.5,4.36,1.37,0,2,35,-2.65,-5.439999999999998,,-8.299777126398098,746.38,NA
Matt Foster,CHW,pitcher,19647,33,4.54,1.32,0,2,33,-2.67,-5.479999999999998,,-8.36080489938632,NA,NA
Dylan Lee,ATL,pitcher,19996,30.5,4.3,1.31,0,2,30,-2.67,-5.479999999999998,,-8.36080489938632,NA,NA
Trey Wingenter,CIN,pitcher,17793,28,4.41,1.36,0,2,35,-2.67,-5.4899999999999975,,-8.376061842633375,NA,NA
Hoby Milner,MIL,pitcher,13346,29,3.95,1.21,0,1,31,-2.68,-5.499999999999998,,-8.391318785880431,NA,NA
Griffin Jax,MIN,pitcher,20253,83.5,5.59,1.48,0,4,63,-2.7,-5.529999999999998,,-8.437089615621597,NA,NA
Jimmy Lambert,CHW,pitcher,19541,44.5,4.84,1.41,0,2,44,-2.7,-5.539999999999998,,-8.452346558868653,NA,NA
Trent Thornton,TOR,pitcher,17948,34,4.52,1.34,0,2,33,-2.7,-5.539999999999998,,-8.452346558868653,NA,NA
Jake Woodford,STL,pitcher,18674,61.5,5,1.45,0,3,44,-2.7,-5.539999999999998,,-8.452346558868653,748.92,NA
Anthony Castro,TOR,pitcher,19789,34.5,4.43,1.41,0,2,37,-2.71,-5.559999999999998,,-8.482860445362762,NA,NA
Kyle Wright,ATL,pitcher,19665,39,4.51,1.38,0,2,35,-2.72,-5.579999999999998,,-8.513374331856873,640.38,NA
Tyler Kinley,COL,pitcher,18297,57,5.32,1.49,1,2,57,-2.75,-5.629999999999998,,-8.58965904809215,NA,NA
Tyler Beede,SFG,pitcher,16981,68,5.11,1.54,0,3,61,-2.76,-5.639999999999998,,-8.604915991339206,475.54,NA
Brad Brach,NA,pitcher,6627,45.5,4.7,1.47,0,2,46,-2.76,-5.649999999999998,,-8.620172934586261,NA,NA
MacKenzie Gore,SDP,pitcher,sa3005068,43,4.62,1.42,0,2,39,-2.77,-5.6599999999999975,drafted,-8.635429877833316,657.08,1
Javy Guerra,SDP,pitcher,17292,37.5,4.2,1.34,0,1,37,-2.78,-5.679999999999998,,-8.665943764327427,NA,NA
Cole Hamels,NA,pitcher,4972,45.5,4.7,1.41,0,2,39,-2.78,-5.679999999999998,,-8.665943764327427,NA,NA
Jhoan Duran,MIN,pitcher,sa873347,28,4.08,1.38,0,2,29,-2.79,-5.689999999999998,,-8.681200707574481,NA,NA
Anthony Gose,CLE,pitcher,5097,49,5.31,1.69,0,4,59,-2.79,-5.6999999999999975,,-8.696457650821538,NA,NA
Paul Blackburn,OAK,pitcher,14739,41.5,4.41,1.37,0,2,30,-2.79,-5.6999999999999975,,-8.696457650821538,NA,NA
Chasen Shreve,NA,pitcher,10855,45,4.78,1.44,0,2,43,-2.8,-5.709999999999998,,-8.711714594068594,NA,NA
Matt Harvey,NA,pitcher,11713,55.5,5.27,1.43,0,3,42,-2.8,-5.719999999999998,,-8.726971537315649,NA,NA
Ryan Burr,CHW,pitcher,17536,44,4.51,1.46,0,2,40,-2.81,-5.729999999999998,,-8.742228480562703,NA,NA
Nick Mikolajchak,CLE,pitcher,sa3010303,27,4.41,1.32,0,2,28,-2.81,-5.729999999999998,,-8.742228480562703,NA,NA
Dillon Maples,NA,pitcher,14672,39,4.41,1.54,0,2,45,-2.81,-5.7399999999999975,,-8.757485423809758,NA,NA
Kyle Bradish,BAL,pitcher,sa3008605,39.5,4.7,1.43,0,2,39,-2.82,-5.759999999999998,,-8.787999310303869,NA,NA
Joey Krehbiel,BAL,pitcher,13707,45.5,4.9,1.43,0,2,43,-2.83,-5.769999999999998,,-8.803256253550925,NA,NA
Brandon Workman,NA,pitcher,11428,39.5,4.69,1.52,1,2,39,-2.83,-5.779999999999998,,-8.81851319679798,NA,NA
Taylor Clarke,KCR,pitcher,17611,44,4.76,1.41,0,2,38,-2.84,-5.779999999999998,,-8.81851319679798,NA,NA
George Kirby,SEA,pitcher,sa3011526,28,4.29,1.31,0,2,24,-2.86,-5.829999999999998,drafted,-8.894797913033257,NA,1
Ben Leeper,CHC,pitcher,sa3014907,24.5,4.23,1.34,0,2,26,-2.87,-5.849999999999998,,-8.925311799527368,NA,NA
Ryne Harper,NA,pitcher,12680,41.5,4.85,1.38,0,2,35,-2.87,-5.849999999999998,,-8.925311799527368,NA,NA
Kent Emanuel,PHI,pitcher,15849,31,4.33,1.35,0,2,26,-2.88,-5.859999999999998,,-8.940568742774422,NA,NA
Dan Winkler,NA,pitcher,12237,47,4.85,1.48,0,2,46,-2.88,-5.8699999999999974,,-8.955825686021477,NA,NA
Grant Holmes,OAK,pitcher,sa828669,43,4.62,1.44,0,2,37,-2.89,-5.8699999999999974,,-8.955825686021477,NA,NA
Matt Moore,NA,pitcher,1890,81.5,5.4,1.51,0,3,67,-2.89,-5.8699999999999974,,-8.955825686021477,NA,NA
Thomas Hatch,TOR,pitcher,19264,33.5,4.68,1.37,0,2,31,-2.89,-5.879999999999998,,-8.971082629268533,744.46,NA
Ryan Weathers,SDP,pitcher,23796,43,4.7,1.4,0,2,34,-2.89,-5.889999999999998,,-8.98633957251559,NA,NA
Fernando Abad,NA,pitcher,4994,36,4.62,1.36,0,2,29,-2.9,-5.899999999999998,,-9.001596515762644,NA,NA
Kutter Crawford,BOS,pitcher,20531,27,4.6,1.34,0,2,28,-2.9,-5.899999999999998,,-9.001596515762644,NA,NA
Josh Tomlin,NA,pitcher,9388,46.5,5.15,1.33,0,2,34,-2.91,-5.9099999999999975,,-9.016853459009699,NA,NA
Jhoulys Chacín,COL,pitcher,2608,63.5,5.34,1.5,0,3,53,-2.91,-5.919999999999998,,-9.032110402256755,NA,NA
Max Meyer,MIA,pitcher,sa3014430,33.5,4.35,1.41,0,2,29,-2.92,-5.929999999999998,drafted,-9.04736734550381,NA,1
Cole Winn,TEX,pitcher,sa3008662,41.5,4.93,1.42,0,2,38,-2.94,-5.959999999999998,,-9.093138175244977,NA,NA
Brandon Kintzler,NA,pitcher,9939,39,4.69,1.44,1,2,28,-2.94,-5.969999999999998,,-9.108395118492032,NA,NA
Albert Abreu,NYY,pitcher,17485,40,4.82,1.49,0,2,42,-2.95,-5.999999999999998,,-9.154165948233198,NA,NA
Chase Anderson,TEX,pitcher,6895,78.5,5.69,1.5,0,4,58,-2.96,-5.999999999999998,,-9.154165948233198,NA,NA
Wade LeBlanc,NA,pitcher,5221,49.5,5.24,1.43,0,3,34,-2.96,-5.999999999999998,,-9.154165948233198,NA,NA
J.B. Bukauskas,ARI,pitcher,20491,46,4.72,1.51,0,2,44,-2.96,-6.009999999999998,,-9.169422891480252,NA,NA
Kyle Tyler,LAA,pitcher,22092,35.5,4.61,1.39,0,2,29,-2.97,-6.019999999999998,,-9.184679834727309,NA,NA
Alex Faedo,DET,pitcher,sa829855,29.5,4.79,1.32,0,2,26,-2.97,-6.029999999999998,,-9.199936777974363,NA,NA
Ethan Small,MIL,pitcher,sa3011621,42.5,4.82,1.46,0,2,39,-2.98,-6.039999999999998,,-9.21519372122142,NA,NA
Ethan Roberts,CHC,pitcher,sa3008132,25.5,4.31,1.36,0,2,24,-2.98,-6.039999999999998,,-9.21519372122142,NA,NA
Johan Oviedo,STL,pitcher,22487,41,4.6,1.47,0,2,36,-2.98,-6.049999999999998,,-9.230450664468474,743.85,NA
Alexander Wells,BAL,pitcher,19845,47,5.06,1.37,0,2,34,-2.99,-6.059999999999998,,-9.245707607715529,NA,NA
Andres Machado,WSN,pitcher,14681,58.5,5.06,1.48,0,2,50,-3,-6.079999999999998,,-9.27622149420964,NA,NA
Jon Heasley,KCR,pitcher,22224,42,4.82,1.42,0,2,34,-3,-6.089999999999998,,-9.291478437456696,NA,NA
Tyler Zuber,KCR,pitcher,20379,32,4.68,1.45,0,2,33,-3.01,-6.089999999999998,,-9.291478437456696,NA,NA
Mitch White,LAD,pitcher,19225,30,4.28,1.31,0,1,30,-3.01,-6.089999999999998,,-9.291478437456696,NA,NA
Nick Anderson,TBR,pitcher,18337,18,3.96,1.2,1,1,19,-3.01,-6.109999999999998,,-9.321992323950806,NA,NA
Andre Jackson,LAD,pitcher,21298,34,5.03,1.44,1,2,29,-3.01,-6.109999999999998,,-9.321992323950806,NA,NA
Brandon Williamson,SEA,pitcher,sa3011494,28,4.19,1.31,0,1,29,-3.03,-6.129999999999998,,-9.352506210444917,NA,NA
Adrian Morejon,SDP,pitcher,20039,21,3.66,1.25,0,1,24,-3.04,-6.149999999999998,,-9.383020096939028,749.54,NA
Ryan Hendrix,CIN,pitcher,19535,34,4.81,1.48,0,2,36,-3.05,-6.169999999999998,,-9.413533983433139,NA,NA
Paul Campbell,MIA,pitcher,22248,36.5,4.82,1.4,0,2,30,-3.05,-6.169999999999998,,-9.413533983433139,NA,NA
Nabil Crismatt,SDP,pitcher,17732,32.5,4.29,1.33,0,1,29,-3.06,-6.189999999999998,,-9.444047869927248,NA,NA
Max Kranick,PIT,pitcher,22175,40.5,4.94,1.4,0,2,31,-3.08,-6.229999999999998,,-9.50507564291547,NA,NA
Scott Kazmir,NA,pitcher,4897,38.5,4.84,1.42,0,2,31,-3.09,-6.2399999999999975,,-9.520332586162525,NA,NA
David Phelps,TOR,pitcher,6316,22.5,4.04,1.28,0,1,26,-3.09,-6.2399999999999975,,-9.520332586162525,NA,NA
Blake Cederlind,PIT,pitcher,20344,27.5,4.43,1.44,0,2,26,-3.1,-6.259999999999998,,-9.550846472656636,NA,NA
Miguel Yajure,PIT,pitcher,21111,30,4.72,1.38,0,2,25,-3.1,-6.269999999999998,,-9.566103415903692,722.46,NA
Ian Krol,DET,pitcher,10066,33,4.3,1.4,0,1,33,-3.1,-6.269999999999998,,-9.566103415903692,NA,NA
Jordan Yamamoto,NYM,pitcher,17585,40.5,5.13,1.42,0,2,35,-3.11,-6.279999999999998,,-9.581360359150747,NA,NA
Packy Naughton,LAA,pitcher,23292,33,4.66,1.4,0,2,25,-3.13,-6.309999999999998,,-9.627131188891912,NA,NA
Jordan Holloway,MIA,pitcher,20631,37.5,4.63,1.53,0,2,36,-3.13,-6.319999999999998,,-9.642388132138969,NA,NA
Yohan Ramirez,SEA,pitcher,19444,29,4.29,1.44,0,1,35,-3.13,-6.319999999999998,,-9.642388132138969,NA,NA
Justin Anderson,TEX,pitcher,16201,34,4.4,1.45,0,1,37,-3.14,-6.329999999999998,,-9.657645075386025,NA,NA
AJ Ramos,NA,pitcher,8350,37.5,5.02,1.47,0,2,36,-3.14,-6.329999999999998,,-9.657645075386025,NA,NA
T.J. Zeuch,STL,pitcher,19269,33.5,4.49,1.41,0,2,23,-3.15,-6.349999999999998,,-9.688158961880134,NA,NA
Robert Gsellman,NA,pitcher,13696,35.5,4.73,1.42,0,2,27,-3.15,-6.349999999999998,,-9.688158961880134,NA,NA
Brendan McKay,TBR,pitcher,20186,18.5,3.73,1.22,0,1,21,-3.15,-6.359999999999998,,-9.703415905127189,NA,NA
Ervin Santana,NA,pitcher,3200,41.5,5.15,1.42,0,2,34,-3.15,-6.359999999999998,,-9.703415905127189,NA,NA
Josh James,HOU,pitcher,16794,24,4.24,1.36,0,1,29,-3.16,-6.379999999999998,,-9.7339297916213,742.62,NA
Yency Almonte,NA,pitcher,15068,43,5.04,1.5,0,2,40,-3.17,-6.389999999999998,,-9.749186734868356,NA,NA
Miguel Sánchez,MIL,pitcher,20074,28.5,4.76,1.43,0,2,26,-3.18,-6.4099999999999975,,-9.779700621362466,NA,NA
Peter Solomon,HOU,pitcher,20476,18.5,4.34,1.35,0,2,18,-3.19,-6.419999999999998,,-9.794957564609522,NA,NA
Lucas Gilbreath,COL,pitcher,21290,53.5,5.37,1.59,0,3,50,-3.19,-6.429999999999998,,-9.810214507856577,NA,NA
Junior Guerra,NA,pitcher,5702,37,4.86,1.49,0,2,33,-3.21,-6.459999999999998,,-9.855985337597744,NA,NA
Mike Baumann,BAL,pitcher,20206,42,5.03,1.48,0,2,36,-3.21,-6.469999999999998,,-9.871242280844799,NA,NA
Jordan Balazovic,MIN,pitcher,sa918017,38.5,4.96,1.45,0,2,31,-3.21,-6.469999999999998,,-9.871242280844799,NA,NA
Kyle Barraclough,NA,pitcher,13713,24,4.68,1.41,1,1,26,-3.22,-6.4899999999999975,,-9.901756167338908,NA,NA
Mason Thompson,WSN,pitcher,21850,41.5,4.81,1.53,0,2,37,-3.22,-6.4899999999999975,,-9.901756167338908,NA,NA
Adam Kolarek,OAK,pitcher,10843,35,4.26,1.47,0,2,22,-3.23,-6.499999999999998,,-9.917013110585964,NA,NA
Caleb Baragar,SFG,pitcher,19231,28,5.14,1.49,1,2,24,-3.24,-6.519999999999998,,-9.947526997080075,NA,NA
Darren O'Day,ATL,pitcher,3321,22.5,4.27,1.29,0,1,23,-3.25,-6.529999999999998,,-9.96278394032713,NA,NA
Patrick Ruotolo,SFG,pitcher,sa856262,22.5,4.16,1.31,0,1,23,-3.25,-6.539999999999998,,-9.978040883574186,NA,NA
Wyatt Mills,SEA,pitcher,20010,20,3.96,1.29,0,1,21,-3.26,-6.559999999999998,,-10.008554770068296,NA,NA
Phillips Valdez,BOS,pitcher,15605,43.5,4.95,1.53,0,2,38,-3.28,-6.599999999999998,,-10.069582543056518,NA,NA
Alex Claudio,NYM,pitcher,12890,32,4.18,1.4,0,1,25,-3.3,-6.6199999999999974,,-10.100096429550627,NA,NA
Tanner Roark,NA,pitcher,8753,40.5,5.19,1.44,0,2,31,-3.3,-6.639999999999998,,-10.13061031604474,NA,NA
Cristopher Sánchez,PHI,pitcher,20778,25.5,4.04,1.43,0,1,26,-3.31,-6.639999999999998,,-10.13061031604474,NA,NA
Jhonathan Diaz,LAA,pitcher,20298,27.5,4.35,1.37,0,1,25,-3.31,-6.649999999999998,,-10.145867259291794,NA,NA
Dany Jiménez,OAK,pitcher,21170,18.5,3.91,1.33,0,1,21,-3.33,-6.679999999999998,,-10.19163808903296,NA,NA
Eric Hanhold,PIT,pitcher,18332,43,5,1.5,0,2,34,-3.33,-6.679999999999998,,-10.19163808903296,NA,NA
Konnor Pilkington,CLE,pitcher,sa3008371,23,4.24,1.35,0,1,23,-3.33,-6.679999999999998,,-10.19163808903296,NA,NA
Carl Edwards Jr.,NA,pitcher,13607,25,4.48,1.39,0,1,27,-3.33,-6.689999999999998,,-10.206895032280014,NA,NA
Sean Guenther,MIA,pitcher,20045,24.5,4.27,1.32,0,1,21,-3.33,-6.689999999999998,,-10.206895032280014,NA,NA
Rex Brothers,MIL,pitcher,9794,22.5,4.48,1.45,0,1,30,-3.34,-6.6999999999999975,,-10.222151975527071,NA,NA
Bryan Abreu,HOU,pitcher,16609,24.5,4.19,1.45,0,1,27,-3.35,-6.729999999999998,,-10.267922805268237,NA,NA
Sam Clay,WSN,pitcher,16279,30,4.49,1.53,0,2,24,-3.36,-6.7399999999999975,,-10.283179748515291,NA,NA
Bryan Garcia,DET,pitcher,19457,41,5.27,1.54,1,2,32,-3.37,-6.759999999999998,,-10.313693635009404,NA,NA
Nick Margevicius,SEA,pitcher,20395,26.5,4.51,1.35,0,1,23,-3.38,-6.779999999999998,,-10.344207521503513,NA,NA
Garrett Cleavinger,LAD,pitcher,17897,19,4.09,1.4,0,1,23,-3.39,-6.789999999999998,,-10.35946446475057,NA,NA
Sam Selman,LAA,pitcher,13397,32.5,4.87,1.44,0,1,33,-3.39,-6.799999999999998,,-10.374721407997624,NA,NA
Nic Enright,CLE,pitcher,sa3010299,19.5,4.39,1.33,0,1,21,-3.42,-6.839999999999998,,-10.435749180985846,NA,NA
Rony García,DET,pitcher,20430,31.5,5.32,1.46,0,2,27,-3.42,-6.849999999999998,,-10.4510061242329,NA,NA
Felix Bautista,BAL,pitcher,sa737480,27.5,5.08,1.56,0,2,29,-3.43,-6.8699999999999974,,-10.48152001072701,NA,NA
Héctor Santiago,NA,pitcher,4026,26,4.63,1.41,0,1,26,-3.44,-6.879999999999998,,-10.496776953974067,NA,NA
James Norwood,SDP,pitcher,16440,17.5,3.97,1.38,0,1,20,-3.44,-6.879999999999998,,-10.496776953974067,NA,NA
Brock Burke,TEX,pitcher,17968,20,4.25,1.35,0,1,20,-3.44,-6.879999999999998,,-10.496776953974067,NA,NA
Sean Hjelle,SFG,pitcher,sa3007989,30.5,4.74,1.47,0,2,20,-3.44,-6.889999999999998,,-10.512033897221123,750.62,NA
Adam Oller,NYM,pitcher,sa913099,25,4.59,1.37,0,1,23,-3.44,-6.889999999999998,,-10.512033897221123,NA,NA
Hans Crouse,PHI,pitcher,22192,39,5.55,1.47,0,2,33,-3.47,-6.929999999999998,,-10.573061670209343,NA,NA
Stephen Ridings,NYY,pitcher,22358,18.5,4.34,1.38,0,1,21,-3.48,-6.9499999999999975,,-10.603575556703454,NA,NA
Cam Bedrosian,NA,pitcher,13360,30.5,4.78,1.43,0,1,28,-3.48,-6.9499999999999975,,-10.603575556703454,NA,NA
Jhon Romero,WSN,pitcher,19940,28,4.85,1.38,0,1,25,-3.48,-6.959999999999998,,-10.61883249995051,NA,NA
Luke Barker,MIL,pitcher,sa977837,15.5,4.2,1.26,0,1,16,-3.48,-6.959999999999998,,-10.61883249995051,NA,NA
Alexis Diaz,CIN,pitcher,sa875576,24,4.74,1.44,0,1,27,-3.48,-6.959999999999998,,-10.61883249995051,NA,NA
Steven Wilson,SDP,pitcher,sa3006795,14,3.89,1.29,0,1,16,-3.48,-6.969999999999998,,-10.634089443197565,NA,NA
Adam Conley,NA,pitcher,14457,28,4.24,1.44,1,0,26,-3.49,-6.979999999999998,,-10.64934638644462,NA,NA
Luis Frías,ARI,pitcher,21997,20.5,4.41,1.37,0,1,20,-3.5,-6.9899999999999975,,-10.664603329691674,NA,NA
Nick Neidert,MIA,pitcher,18699,38.5,5.19,1.48,0,2,27,-3.51,-7.009999999999998,,-10.695117216185787,NA,NA
Jonathan Holder,CHC,pitcher,16588,28,4.8,1.39,0,1,24,-3.51,-7.019999999999998,,-10.710374159432842,NA,NA
Matt Peacock,ARI,pitcher,20339,35,4.79,1.51,0,2,22,-3.53,-7.049999999999998,,-10.756144989174008,NA,NA
Buck Farmer,NA,pitcher,14814,31,4.81,1.45,0,1,28,-3.53,-7.049999999999998,,-10.756144989174008,NA,NA
Justin Topa,MIL,pitcher,15145,24,4.64,1.38,0,1,21,-3.53,-7.059999999999998,,-10.771401932421062,NA,NA
Keynan Middleton,NA,pitcher,15264,19,4.85,1.46,1,1,18,-3.54,-7.079999999999998,,-10.801915818915175,NA,NA
Seth Romero,WSN,pitcher,21333,19.5,4.42,1.4,0,1,20,-3.54,-7.079999999999998,,-10.801915818915175,NA,NA
Erasmo Ramírez,NA,pitcher,10314,30,4.87,1.38,0,1,23,-3.55,-7.079999999999998,,-10.801915818915175,NA,NA
Devin Smeltzer,MIN,pitcher,19487,24.5,4.74,1.36,0,1,20,-3.56,-7.099999999999998,,-10.832429705409284,NA,NA
Freddy Pacheco,STL,pitcher,sa3006164,25,4.52,1.52,0,1,27,-3.56,-7.109999999999998,,-10.847686648656339,NA,NA
Gregory Santos,SFG,pitcher,21894,17.5,4.33,1.38,0,1,18,-3.57,-7.109999999999998,,-10.847686648656339,NA,NA
Aaron Sanchez,NA,pitcher,11490,64.5,5.44,1.57,0,3,44,-3.57,-7.1199999999999974,,-10.862943591903393,NA,NA
Darien Núñez,LAD,pitcher,21197,10.5,3.76,1.24,0,1,13,-3.57,-7.129999999999998,,-10.87820053515045,NA,NA
Kirby Snead,TOR,pitcher,19179,12.5,3.78,1.32,0,1,14,-3.57,-7.129999999999998,,-10.87820053515045,NA,NA
Ryan Weiss,ARI,pitcher,sa3007778,22,4.57,1.4,0,1,20,-3.58,-7.139999999999998,,-10.893457478397506,NA,NA
Nick Vincent,NA,pitcher,7555,22,4.64,1.37,0,1,19,-3.58,-7.139999999999998,,-10.893457478397506,NA,NA
Isaac Mattson,BAL,pitcher,20385,26,4.81,1.45,0,1,25,-3.59,-7.1599999999999975,,-10.923971364891615,NA,NA
Phoenix Sanders,TBR,pitcher,sa3004098,12,3.88,1.27,0,1,12,-3.61,-7.1999999999999975,,-10.984999137879838,NA,NA
Blake Weiman,PIT,pitcher,sa3004211,20,4.55,1.39,0,1,18,-3.62,-7.209999999999998,,-11.000256081126894,NA,NA
Ryne Nelson,ARI,pitcher,sa3011524,21,4.83,1.39,0,1,20,-3.62,-7.219999999999998,,-11.015513024373949,NA,NA
Cody Poteet,MIA,pitcher,18769,17.5,4.56,1.35,0,1,16,-3.63,-7.2399999999999975,,-11.046026910868058,NA,NA
D.L. Hall,BAL,pitcher,sa3005282,24.5,4.76,1.49,0,1,25,-3.63,-7.2399999999999975,,-11.046026910868058,NA,NA
Justin Lawrence,COL,pitcher,17639,39.5,5.61,1.67,0,3,35,-3.64,-7.249999999999998,,-11.061283854115114,NA,NA
Jake Walsh,STL,pitcher,sa3004457,15.5,4.41,1.35,0,1,15,-3.64,-7.259999999999998,,-11.07654079736217,NA,NA
Zack Burdi,ARI,pitcher,19159,23,4.89,1.47,0,1,24,-3.65,-7.269999999999998,,-11.091797740609225,NA,NA
Charlie Barnes,NA,pitcher,19865,58,5.22,1.52,0,1,48,-3.65,-7.269999999999998,,-11.091797740609225,NA,NA
Zach Logue,TOR,pitcher,sa915822,20,4.84,1.35,0,1,17,-3.66,-7.279999999999998,,-11.10705468385628,NA,NA
Josh Rogers,WSN,pitcher,18510,71.5,5.78,1.51,0,3,45,-3.66,-7.289999999999998,,-11.122311627103336,NA,NA
Kaleb Ort,BOS,pitcher,20061,21.5,4.8,1.48,0,1,23,-3.66,-7.289999999999998,,-11.122311627103336,NA,NA
Matt Bush,TEX,pitcher,1246,25,4.99,1.45,0,1,24,-3.66,-7.289999999999998,,-11.122311627103336,NA,NA
Ben Bowden,COL,pitcher,20198,32.5,5.29,1.52,0,1,35,-3.66,-7.289999999999998,,-11.122311627103336,NA,NA
Angel Zerpa,KCR,pitcher,22717,17.5,4.4,1.38,0,1,15,-3.67,-7.299999999999998,,-11.13756857035039,NA,NA
Joey Wentz,DET,pitcher,sa917946,45.5,5.49,1.55,0,2,37,-3.67,-7.299999999999998,,-11.13756857035039,NA,NA
Tayler Saucedo,TOR,pitcher,17888,16,4.27,1.38,0,1,14,-3.68,-7.319999999999998,,-11.168082456844502,NA,NA
Alec Bettinger,MIL,pitcher,20312,20.5,4.89,1.36,0,1,17,-3.68,-7.329999999999998,,-11.183339400091558,NA,NA
Tommy Romero,TBR,pitcher,sa3004469,11,4.2,1.26,0,1,11,-3.69,-7.339999999999998,,-11.198596343338613,NA,NA
Jason Foley,DET,pitcher,19531,32,4.65,1.52,0,1,26,-3.69,-7.349999999999998,,-11.213853286585667,NA,NA
Eric Orze,NYM,pitcher,sa3014793,12,4.17,1.33,0,1,12,-3.7,-7.359999999999998,,-11.229110229832722,NA,NA
Ryan Mason,MIN,pitcher,sa856254,23.5,4.81,1.46,0,1,21,-3.71,-7.3699999999999974,,-11.244367173079779,NA,NA
Corbin Martin,ARI,pitcher,19884,38.5,5.54,1.57,0,2,33,-3.72,-7.389999999999998,,-11.27488105957389,717.38,NA
Ryan Rolison,COL,pitcher,sa3008244,51.5,5.64,1.53,0,2,40,-3.72,-7.389999999999998,,-11.27488105957389,NA,NA
Daniel Ponce de Leon,NA,pitcher,16110,19,4.8,1.45,0,1,19,-3.72,-7.389999999999998,,-11.27488105957389,737.31,NA
Yennier Cano,MIN,pitcher,sa3011688,20,4.54,1.49,0,1,19,-3.72,-7.399999999999998,,-11.290138002820944,NA,NA
Arodys Vizcaíno,NA,pitcher,5498,14,4.47,1.39,0,1,14,-3.73,-7.4099999999999975,,-11.305394946067999,NA,NA
Yennsy Díaz,NYM,pitcher,20218,29,5.06,1.47,0,1,25,-3.73,-7.4099999999999975,,-11.305394946067999,NA,NA
Cody Ponce,NA,pitcher,17920,40,5.08,1.42,0,0,36,-3.73,-7.419999999999998,,-11.320651889315055,NA,NA
Anthony Kay,TOR,pitcher,20387,16.5,4.6,1.43,0,1,16,-3.73,-7.419999999999998,,-11.320651889315055,NA,NA
Angel De Jesus,DET,pitcher,sa921876,19,4.68,1.48,0,1,19,-3.73,-7.419999999999998,,-11.320651889315055,NA,NA
Miguel Romero,OAK,pitcher,sa3003109,26,4.74,1.47,0,1,20,-3.75,-7.4499999999999975,,-11.36642271905622,NA,NA
Hunter Stratton,PIT,pitcher,sa3004216,28,4.93,1.54,0,1,27,-3.75,-7.459999999999998,,-11.381679662303277,NA,NA
Luis Avilán,WSN,pitcher,2882,22.5,4.85,1.47,0,1,20,-3.75,-7.459999999999998,,-11.381679662303277,NA,NA
Wandisson Charles,OAK,pitcher,sa874818,15.5,4.59,1.49,0,1,17,-3.76,-7.469999999999998,,-11.396936605550332,NA,NA
Aaron Fletcher,SEA,pitcher,22052,16,4.35,1.42,0,1,13,-3.76,-7.479999999999998,,-11.412193548797386,NA,NA
Alberto Baldonado,WSN,pitcher,11812,16,4.8,1.43,0,1,16,-3.77,-7.479999999999998,,-11.412193548797386,NA,NA
Ray Kerr,SDP,pitcher,sa3005362,16,4.39,1.47,0,1,15,-3.77,-7.479999999999998,,-11.412193548797386,NA,NA
Oliver Ortega,LAA,pitcher,21025,14.5,4.51,1.43,0,1,14,-3.77,-7.4899999999999975,,-11.427450492044441,NA,NA
Jonathan Stiever,CHW,pitcher,24584,23.5,5.33,1.4,0,1,20,-3.77,-7.4899999999999975,,-11.427450492044441,NA,NA
Yoan López,PHI,pitcher,17181,14.5,4.55,1.4,0,1,13,-3.78,-7.499999999999998,,-11.442707435291497,NA,NA
Taylor Cole,NA,pitcher,11964,14,4.44,1.42,0,1,13,-3.78,-7.509999999999998,,-11.457964378538554,NA,NA
Damon Jones,PHI,pitcher,23310,17,4.36,1.56,0,1,18,-3.78,-7.509999999999998,,-11.457964378538554,NA,NA
Nick Tropeano,NA,pitcher,12385,18.5,4.88,1.42,0,1,16,-3.78,-7.509999999999998,,-11.457964378538554,NA,NA
Braxton Garrett,MIA,pitcher,21844,15,4.46,1.42,0,1,13,-3.78,-7.509999999999998,,-11.457964378538554,749.69,NA
Seth Martinez,HOU,pitcher,21045,12,4.47,1.35,0,1,11,-3.78,-7.519999999999998,,-11.473221321785608,NA,NA
Scott Oberg,COL,pitcher,13911,13,4.5,1.39,0,1,12,-3.79,-7.529999999999998,,-11.488478265032663,NA,NA
Joan Adon,WSN,pitcher,22925,30.5,5.13,1.5,0,1,26,-3.8,-7.539999999999998,,-11.50373520827972,NA,NA
Alan Rangel,ATL,pitcher,sa877578,13.5,4.62,1.38,0,1,12,-3.8,-7.539999999999998,,-11.50373520827972,NA,NA
Angel Rondón,STL,pitcher,22036,11.5,4.45,1.34,0,1,10,-3.81,-7.549999999999998,,-11.518992151526774,NA,NA
Graham Spraker,TOR,pitcher,sa3004024,20,4.91,1.45,0,1,17,-3.81,-7.559999999999998,,-11.534249094773829,NA,NA
Jordan Sheffield,COL,pitcher,19682,46,5.6,1.62,0,2,42,-3.81,-7.559999999999998,,-11.534249094773829,NA,NA
Jake Faria,NA,pitcher,13699,14.5,4.74,1.43,0,1,14,-3.81,-7.559999999999998,,-11.534249094773829,NA,NA
Antonio Santos,NYM,pitcher,20383,23,4.92,1.46,0,1,18,-3.82,-7.579999999999998,,-11.564762981267942,NA,NA
Peter Lambert,COL,pitcher,17969,78.5,5.86,1.56,0,3,56,-3.82,-7.579999999999998,,-11.564762981267942,NA,NA
Cory Abbott,CHC,pitcher,20277,24,5.2,1.49,0,1,22,-3.83,-7.599999999999998,,-11.59527686776205,NA,NA
Ronald Bolaños,KCR,pitcher,20041,25,4.85,1.54,0,1,22,-3.84,-7.609999999999998,,-11.610533811009105,NA,NA
Víctor Arano,WSN,pitcher,15915,9.5,4.51,1.36,0,1,10,-3.84,-7.609999999999998,,-11.610533811009105,NA,NA
Jace Vines,KCR,pitcher,sa917985,25.5,4.76,1.52,0,1,20,-3.84,-7.6199999999999974,,-11.625790754256162,NA,NA
Clarke Schmidt,NYY,pitcher,19899,13.5,4.68,1.42,0,1,12,-3.84,-7.6199999999999974,,-11.625790754256162,707.08,NA
Trevor Hildenberger,SFG,pitcher,17002,16,4.74,1.46,0,1,14,-3.85,-7.629999999999998,,-11.641047697503218,NA,NA
Brooks Wilson,ATL,pitcher,sa3006966,9.5,4.45,1.39,0,1,10,-3.85,-7.629999999999998,,-11.641047697503218,NA,NA
Eduard Bazardo,BOS,pitcher,20997,13.5,4.74,1.42,0,1,12,-3.85,-7.639999999999998,,-11.656304640750273,NA,NA
Durbin Feltman,BOS,pitcher,sa3007959,16.5,4.98,1.48,0,1,16,-3.86,-7.649999999999998,,-11.671561583997327,NA,NA
Cole Sands,MIN,pitcher,sa3008611,13,4.85,1.42,0,1,12,-3.87,-7.669999999999998,,-11.702075470491438,NA,NA
Riley O'Brien,CIN,pitcher,20348,16,5.02,1.49,0,1,16,-3.87,-7.669999999999998,,-11.702075470491438,NA,NA
Justin Garza,CLE,pitcher,19784,20.5,5.21,1.51,0,1,20,-3.87,-7.679999999999998,,-11.717332413738493,NA,NA
Kyle Crick,NA,pitcher,13182,15.5,4.96,1.49,0,1,15,-3.88,-7.6999999999999975,,-11.747846300232604,NA,NA
Dylan File,MIL,pitcher,sa3004197,12.5,4.92,1.37,0,1,10,-3.89,-7.709999999999998,,-11.76310324347966,NA,NA
Enoli Paredes,HOU,pitcher,20447,10,4.49,1.49,0,1,11,-3.89,-7.709999999999998,,-11.76310324347966,NA,NA
Caleb Kilian,CHC,pitcher,sa3011773,8,4.44,1.31,0,1,7,-3.89,-7.719999999999998,,-11.778360186726715,NA,NA
Julian Fernández,COL,pitcher,18341,28.5,5.4,1.52,0,1,26,-3.9,-7.719999999999998,,-11.778360186726715,NA,NA
Collin Snider,KCR,pitcher,sa3004093,23.5,4.95,1.49,0,1,17,-3.91,-7.7399999999999975,,-11.808874073220824,NA,NA
Daniel Duarte,CIN,pitcher,sa877364,17,5.08,1.51,0,1,16,-3.92,-7.759999999999998,,-11.839387959714937,NA,NA
Logan Gillaspie,BAL,pitcher,sa3008386,11,4.73,1.41,0,1,9,-3.92,-7.769999999999998,,-11.854644902961992,NA,NA
Kenta Maeda,MIN,pitcher,18498,13,4.26,1.23,0,0,13,-3.93,-7.769999999999998,,-11.854644902961992,NA,NA
Shelby Miller,NA,pitcher,10197,17,5.05,1.51,0,1,15,-3.94,-7.799999999999998,,-11.900415732703157,NA,NA
Gabe Klobosits,WSN,pitcher,19881,19,5.22,1.49,0,1,16,-3.95,-7.809999999999998,,-11.915672675950214,NA,NA
Bowden Francis,TOR,pitcher,sa918451,14.5,5.38,1.44,0,1,13,-3.95,-7.819999999999998,,-11.930929619197268,NA,NA
Elvin Rodriguez,DET,pitcher,sa873437,12,5.17,1.42,0,1,10,-3.96,-7.839999999999998,,-11.96144350569138,NA,NA
Connor Seabold,BOS,pitcher,19695,23,5.42,1.46,0,1,17,-3.97,-7.859999999999998,,-11.991957392185489,NA,NA
Graham Ashcraft,CIN,pitcher,sa918274,10,4.91,1.47,0,1,9,-3.98,-7.879999999999998,,-12.022471278679602,NA,NA
Matt Bowman,NYY,pitcher,13528,11,4.81,1.48,0,1,9,-3.99,-7.879999999999998,,-12.022471278679602,NA,NA
Janson Junk,LAA,pitcher,23301,18,5.29,1.48,0,1,14,-3.99,-7.889999999999998,,-12.037728221926656,NA,NA
José Castillo,NA,pitcher,17169,8,3.39,1.2,0,0,10,-3.99,-7.899999999999998,,-12.05298516517371,NA,NA
Geoff Hartlieb,BOS,pitcher,19558,12,4.9,1.56,0,1,11,-4.01,-7.929999999999998,,-12.098755994914876,NA,NA
Chi Chi González,NA,pitcher,14663,83,5.89,1.56,0,2,65,-4.04,-7.979999999999998,,-12.175040711150153,NA,NA
Gerardo Carrillo,WSN,pitcher,sa3002790,12,5.18,1.56,0,1,10,-4.08,-8.049999999999999,,-12.281839313879543,NA,NA
JD Hammer,PHI,pitcher,19548,22,5.65,1.59,0,1,21,-4.09,-8.079999999999998,,-12.327610143620708,NA,NA
Ryan Feltner,COL,pitcher,21446,48.5,5.98,1.59,0,2,38,-4.09,-8.079999999999998,,-12.327610143620708,NA,NA
Joe Navilhon,DET,pitcher,sa918459,16.5,4.81,1.39,0,0,15,-4.09,-8.079999999999998,,-12.327610143620708,NA,NA
Reiss Knehr,SDP,pitcher,21541,20,4.98,1.43,0,0,18,-4.11,-8.099999999999998,,-12.358124030114817,NA,NA
Humberto Castellanos,ARI,pitcher,21183,26.5,5.17,1.41,0,0,20,-4.11,-8.109999999999998,,-12.373380973361872,NA,NA
Enyel De Los Santos,CLE,pitcher,18403,10.5,4.49,1.32,0,0,11,-4.11,-8.109999999999998,,-12.373380973361872,NA,NA
Mitchell Stumpo,ARI,pitcher,sa3011585,12.5,4.27,1.37,0,0,11,-4.11,-8.109999999999998,,-12.373380973361872,NA,NA
Jake Bird,COL,pitcher,sa3008097,12,5.16,1.61,0,1,10,-4.12,-8.119999999999997,,-12.388637916608928,NA,NA
Bennett Sousa,CHW,pitcher,sa913181,10,4.36,1.35,0,0,10,-4.15,-8.179999999999998,,-12.48017957609126,NA,NA
Robert Broom,CLE,pitcher,sa3007235,15,4.59,1.43,0,0,13,-4.15,-8.189999999999998,,-12.495436519338316,NA,NA
Logan Shore,DET,pitcher,sa738442,15.5,5.62,1.53,0,1,11,-4.15,-8.189999999999998,,-12.495436519338316,NA,NA
Alexander Vizcaíno,CHC,pitcher,sa920272,19.5,5.42,1.62,0,1,16,-4.17,-8.219999999999999,,-12.541207349079484,NA,NA
Drew Strotman,MIN,pitcher,sa3004584,17,5.42,1.6,0,1,13,-4.17,-8.219999999999999,,-12.541207349079484,NA,NA
Sean Nolin,WSN,pitcher,11341,19,5.02,1.48,0,0,18,-4.17,-8.219999999999999,,-12.541207349079484,NA,NA
Connor Overton,CIN,pitcher,18376,13,4.93,1.38,0,0,12,-4.18,-8.239999999999998,,-12.571721235573593,NA,NA
Edgar Santana,NA,pitcher,17355,8,3.95,1.31,0,0,7,-4.19,-8.259999999999998,,-12.602235122067704,NA,NA
Bryan Baker,BAL,pitcher,19804,16.5,4.89,1.49,0,0,16,-4.19,-8.259999999999998,,-12.602235122067704,NA,NA
Calvin Faucher,TBR,pitcher,sa3004013,11,4.37,1.46,0,0,11,-4.2,-8.269999999999998,,-12.617492065314758,NA,NA
Devin Sweet,SEA,pitcher,sa3008340,8,4.42,1.31,0,0,8,-4.2,-8.279999999999998,,-12.632749008561813,NA,NA
Joey Gerber,SEA,pitcher,24591,10,4.5,1.41,0,0,10,-4.21,-8.29,,-12.648005951808871,NA,NA
Joey Lucchesi,NYM,pitcher,19320,7,4.23,1.28,0,0,7,-4.21,-8.29,,-12.648005951808871,NA,NA
Parker Dunshee,OAK,pitcher,sa873274,10,4.69,1.35,0,0,9,-4.22,-8.299999999999999,,-12.663262895055926,NA,NA
Edwin Uceta,ARI,pitcher,20539,9,4.52,1.39,0,0,9,-4.23,-8.319999999999999,,-12.693776781550037,NA,NA
Scott Engler,TEX,pitcher,sa918353,10,4.53,1.44,0,0,10,-4.23,-8.329999999999998,,-12.709033724797091,NA,NA
Drew Hutchison,NA,pitcher,10732,21,4.82,1.54,0,0,18,-4.23,-8.339999999999998,,-12.724290668044146,NA,NA
Luke Farrell,NA,pitcher,15101,12,4.96,1.45,0,0,12,-4.24,-8.349999999999998,,-12.7395476112912,NA,NA
Adrian Sampson,CHC,pitcher,13339,24,5.23,1.5,0,0,20,-4.25,-8.369999999999997,,-12.770061497785312,NA,NA
Anderson Espinoza,CHC,pitcher,sa872856,10,4.66,1.46,0,0,10,-4.26,-8.379999999999999,,-12.785318441032368,NA,NA
Connor Thomas,STL,pitcher,sa3010784,8,4.08,1.36,0,0,6,-4.26,-8.379999999999999,,-12.785318441032368,NA,NA
Tyler Ivey,HOU,pitcher,20237,8,4.65,1.4,0,0,8,-4.27,-8.409999999999998,,-12.831089270773534,NA,NA
JoJo Romero,PHI,pitcher,19574,9,4.58,1.41,0,0,8,-4.27,-8.409999999999998,,-12.831089270773534,NA,NA
Cole Gordon,NYM,pitcher,sa3011216,10,4.93,1.44,0,0,10,-4.27,-8.409999999999998,,-12.831089270773534,NA,NA
Joel Peguero,TBR,pitcher,sa917689,10,4.4,1.44,0,0,8,-4.27,-8.409999999999998,,-12.831089270773534,NA,NA
Kevin Ginkel,ARI,pitcher,19876,8,4.87,1.37,0,0,8,-4.28,-8.409999999999998,,-12.831089270773534,NA,NA
Marcos Diplán,BAL,pitcher,17583,13,4.84,1.5,0,0,12,-4.28,-8.409999999999998,,-12.831089270773534,NA,NA
Jose Marte,LAA,pitcher,21761,9.5,4.71,1.5,0,0,10,-4.29,-8.429999999999998,,-12.861603157267643,NA,NA
Andrew Bellatti,PHI,pitcher,10657,7,4.78,1.35,0,0,7,-4.29,-8.429999999999998,,-12.861603157267643,NA,NA
Cooper Criswell,LAA,pitcher,24975,8,4.71,1.32,0,0,6,-4.29,-8.439999999999998,,-12.8768601005147,NA,NA
Brian Howard,OAK,pitcher,sa918377,11.5,4.95,1.41,0,0,9,-4.29,-8.439999999999998,,-12.8768601005147,NA,NA
Kyle Nelson,ARI,pitcher,20515,10,4.73,1.5,0,0,10,-4.29,-8.439999999999998,,-12.8768601005147,NA,NA
Jake Latz,TEX,pitcher,21306,9.5,4.88,1.44,0,0,9,-4.29,-8.449999999999998,,-12.892117043761754,NA,NA
Kohei Arihara,TEX,pitcher,27505,13,5.29,1.39,0,0,10,-4.3,-8.459999999999999,,-12.907373987008812,NA,NA
Daniel Castano,MIA,pitcher,19805,8,4.41,1.36,0,0,5,-4.32,-8.489999999999998,,-12.953144816749976,NA,NA
Allan Winans,ATL,pitcher,sa3007580,8,4.54,1.45,0,0,7,-4.32,-8.489999999999998,,-12.953144816749976,NA,NA
Thomas Burrows,ATL,pitcher,sa874215,6,4.53,1.47,0,0,7,-4.32,-8.489999999999998,,-12.953144816749976,NA,NA
J.P. France,HOU,pitcher,sa3008310,8,4.96,1.44,0,0,8,-4.32,-8.499999999999998,,-12.968401759997032,NA,NA
Humberto Mejía,ARI,pitcher,20739,16.5,5.49,1.46,0,0,14,-4.33,-8.499999999999998,,-12.968401759997032,NA,NA
Andrew Albers,NA,pitcher,7853,12,5.11,1.46,0,0,10,-4.33,-8.509999999999998,,-12.983658703244087,NA,NA
Rio Gomez,BOS,pitcher,sa3004676,8,4.71,1.44,0,0,7,-4.33,-8.509999999999998,,-12.983658703244087,NA,NA
Matt Frisbee,SFG,pitcher,sa3006801,9,5.04,1.38,0,0,7,-4.33,-8.509999999999998,,-12.983658703244087,NA,NA
Brett de Geus,ARI,pitcher,23592,14.5,4.91,1.53,0,0,12,-4.33,-8.519999999999998,,-12.998915646491142,NA,NA
Kyle Dohy,NA,pitcher,20334,7.5,4.58,1.53,0,0,8,-4.33,-8.519999999999998,,-12.998915646491142,NA,NA
Penn Murfee,SEA,pitcher,sa3006775,4,4.11,1.31,0,0,4,-4.34,-8.519999999999998,,-12.998915646491142,NA,NA
Chris Ellis,BAL,pitcher,16125,13,5.14,1.52,0,0,12,-4.34,-8.519999999999998,,-12.998915646491142,NA,NA
Adonis Medina,PHI,pitcher,19903,12,5.06,1.48,0,0,10,-4.34,-8.529999999999998,,-13.014172589738196,NA,NA
Ty Blach,NA,pitcher,14361,16,5.95,1.61,0,1,10,-4.34,-8.529999999999998,,-13.014172589738196,NA,NA
Ryan Pepiot,LAD,pitcher,sa3011244,8,5.11,1.45,0,0,8,-4.34,-8.529999999999998,drafted,-13.014172589738196,NA,1
Forrest Whitley,HOU,pitcher,sa917930,11,5.12,1.53,0,0,11,-4.34,-8.529999999999998,,-13.014172589738196,NA,NA
Kyle Ryan,NA,pitcher,11753,8,4.44,1.46,0,0,6,-4.35,-8.54,,-13.029429532985255,NA,NA
John Gant,NA,pitcher,13684,8,4.76,1.52,0,0,8,-4.35,-8.54,,-13.029429532985255,NA,NA
Scott Alexander,NA,pitcher,10591,6,3.74,1.45,0,0,4,-4.35,-8.54,,-13.029429532985255,NA,NA
Garrett Hill,DET,pitcher,sa3007259,8,4.9,1.46,0,0,7,-4.36,-8.559999999999999,,-13.059943419479364,NA,NA
Scott Moss,PHI,pitcher,sa738902,8,5.08,1.5,0,0,8,-4.36,-8.579999999999998,,-13.090457305973475,NA,NA
Cayne Ueckert,CHC,pitcher,sa3010789,6,4.73,1.48,0,0,6,-4.37,-8.579999999999998,,-13.090457305973475,NA,NA
Michel Baez,SDP,pitcher,20100,4,4.27,1.4,0,0,4,-4.37,-8.579999999999998,,-13.090457305973475,NA,NA
Elvis Peguero,LAA,pitcher,21652,6,4.62,1.44,0,0,5,-4.37,-8.589999999999998,,-13.10571424922053,NA,NA
Shaun Anderson,TOR,pitcher,19453,6,4.76,1.42,0,0,5,-4.37,-8.589999999999998,,-13.10571424922053,NA,NA
Zach Jackson,OAK,pitcher,sa874174,4,4.34,1.43,0,0,4,-4.38,-8.599999999999998,,-13.120971192467584,NA,NA
Nick Robertson,LAD,pitcher,sa3011248,4,4.61,1.39,0,0,4,-4.38,-8.599999999999998,,-13.120971192467584,NA,NA
Colin Rea,NA,pitcher,12317,5,4.8,1.36,0,0,4,-4.38,-8.599999999999998,,-13.120971192467584,NA,NA
Travis Lakins Sr.,BAL,pitcher,18600,7,4.9,1.47,0,0,6,-4.38,-8.609999999999998,,-13.136228135714639,NA,NA
Cam Vieaux,PIT,pitcher,sa873657,8,5.08,1.5,0,0,7,-4.39,-8.629999999999997,,-13.16674202220875,NA,NA
Drew Carlton,DET,pitcher,19868,8,5.2,1.43,0,0,6,-4.4,-8.629999999999997,,-13.16674202220875,NA,NA
Anderson Severino,CHW,pitcher,sa838671,18,5.06,1.64,0,0,17,-4.4,-8.629999999999997,,-13.16674202220875,NA,NA
Matt Swarmer,CHC,pitcher,sa918458,8,5.31,1.42,0,0,6,-4.4,-8.639999999999997,,-13.181998965455804,NA,NA
Marcel Rentería,NYM,pitcher,sa3005016,4,4.68,1.46,0,0,4,-4.4,-8.639999999999997,,-13.181998965455804,NA,NA
Argenis Angulo,MIN,pitcher,sa829470,8,5.19,1.56,0,0,8,-4.41,-8.649999999999999,,-13.197255908702862,NA,NA
Jacques Pucheu,CIN,pitcher,sa3010631,9,5.26,1.52,0,0,8,-4.41,-8.649999999999999,,-13.197255908702862,NA,NA
Tyler Johnson,CHW,pitcher,sa915688,4,4.64,1.49,0,0,4,-4.41,-8.659999999999998,,-13.212512851949917,NA,NA
James McArthur,PHI,pitcher,sa3007715,9,5.15,1.5,0,0,7,-4.41,-8.659999999999998,,-13.212512851949917,NA,NA
Thomas Szapucki,NYM,pitcher,21065,8,5.15,1.53,0,0,7,-4.42,-8.669999999999998,,-13.227769795196972,NA,NA
Ashton Goudeau,COL,pitcher,15139,33.5,5.91,1.59,0,1,23,-4.42,-8.669999999999998,,-13.227769795196972,NA,NA
Beau Burrows,LAD,pitcher,18873,9,5.64,1.49,0,0,8,-4.43,-8.689999999999998,,-13.258283681691083,NA,NA
Ricardo Pinto,NA,pitcher,16318,4,4.73,1.44,0,0,3,-4.43,-8.689999999999998,,-13.258283681691083,NA,NA
Johan Quezada,STL,pitcher,20643,4,4.57,1.48,0,0,3,-4.43,-8.699999999999998,,-13.273540624938137,NA,NA
Deivi García,NYY,pitcher,20276,24,5.71,1.55,0,0,21,-4.43,-8.699999999999998,,-13.273540624938137,695.92,NA
James Hoyt,NA,pitcher,14605,7,5.14,1.61,0,0,7,-4.44,-8.709999999999997,,-13.288797568185192,NA,NA
Andre Scrubb,HOU,pitcher,20329,4,4.89,1.56,0,0,4,-4.44,-8.709999999999997,,-13.288797568185192,NA,NA
Gray Fenter,SFG,pitcher,sa875233,4,5.05,1.54,0,0,4,-4.44,-8.709999999999997,,-13.288797568185192,NA,NA
Michael Byrne,CIN,pitcher,sa3008227,8,5.16,1.52,0,0,6,-4.44,-8.709999999999997,,-13.288797568185192,NA,NA
Conner Greene,NA,pitcher,16455,5,5.75,1.57,0,0,6,-4.45,-8.719999999999997,,-13.304054511432247,NA,NA
Jesus Tinoco,TEX,pitcher,16300,6,5.13,1.54,0,0,5,-4.45,-8.729999999999999,,-13.319311454679305,NA,NA
Cole Uvila,BAL,pitcher,sa3006804,6,5.14,1.56,0,0,5,-4.46,-8.739999999999998,,-13.33456839792636,NA,NA
John Parke,CHW,pitcher,sa3003988,9,5.22,1.52,0,0,6,-4.46,-8.749999999999998,,-13.349825341173416,NA,NA
Thomas Eshelman,NA,pitcher,18361,15,5.81,1.5,0,0,11,-4.48,-8.789999999999997,,-13.410853114161634,NA,NA
Nathan Webb,KCR,pitcher,sa918814,4,5.24,1.62,0,0,3,-4.5,-8.819999999999999,,-13.456623943902803,NA,NA
Daniel Tillo,KCR,pitcher,sa876284,8,5.11,1.65,0,0,5,-4.54,-8.889999999999997,,-13.563422546632188,NA,NA
Jared Solomon,CIN,pitcher,sa3004589,4,6.19,1.76,0,0,3,-4.58,-8.969999999999997,,-13.68547809260863,NA,NA
Garrett Schilling,COL,pitcher,sa3004770,9,6.63,1.67,0,0,6,-4.69,-9.169999999999998,,-13.990616957549738,NA,NA
Yoan Aybar,COL,pitcher,sa829086,10,6.32,1.81,0,0,8,-4.74,-9.259999999999998,,-14.127929446773237,NA,NA
